01/01/2009,2187597767,0.1,4
02/01/2009,2359232989,0.1,5
03/01/2009,2429327620,-1.4,6
04/01/2009,2504124204,-1.8,7
05/01/2009,2735334439,-2,1
06/01/2009,2963472593,-4.2,2
07/01/2009,2930369428,-3,3
08/01/2009,2887594050,-3.4,4
09/01/2009,2923242769,-4,5
10/01/2009,2744591843,-4.2,6
11/01/2009,2630638792,-3,7
12/01/2009,2607643016,-0.4,1
13/01/2009,2414931507,1.7,2
14/01/2009,2362714216,2.4,3
15/01/2009,2389707829,1.9,4
16/01/2009,2285961020,2.3,5
17/01/2009,1974184685,4.8,6
18/01/2009,1948626344,6,7
19/01/2009,2065225621,6.8,1
20/01/2009,2217321838,5,2
21/01/2009,2303483432,3.3,3
22/01/2009,2169386766,4.4,4
23/01/2009,2022339523,5.3,5
24/01/2009,2043289362,4.2,6
25/01/2009,2050316307,3.9,7
26/01/2009,2226160744,4,1
27/01/2009,2283723361,3.1,2
28/01/2009,2375502424,1.6,3
29/01/2009,2425430581,0.5,4
30/01/2009,2359341895,1,5
31/01/2009,2252937783,1.3,6
01/02/2009,2327063057,1,7
02/02/2009,2464771720,1.9,1
03/02/2009,2469103681,0.9,2
04/02/2009,2363745839,2.3,3
05/02/2009,2075171253,4.9,4
06/02/2009,1982329736,5.4,5
07/02/2009,2103592912,3.4,6
08/02/2009,2150296125,2.5,7
09/02/2009,2165871715,4.7,1
10/02/2009,2212187339,4.9,2
11/02/2009,2252643148,4,3
12/02/2009,2362178980,2.5,4
13/02/2009,2353863962,1.6,5
14/02/2009,2264309478,1.1,6
15/02/2009,2235746560,1.7,7
16/02/2009,2245967996,3.6,1
17/02/2009,2131076063,4.9,2
18/02/2009,2185147456,3.5,3
19/02/2009,2219117261,3,4
20/02/2009,2059023650,4.2,5
21/02/2009,1873273193,5.3,6
22/02/2009,1852151487,5.9,7
23/02/2009,1962969298,6.1,1
24/02/2009,2001712453,5.3,2
25/02/2009,1992691545,5.3,3
26/02/2009,1949983421,6,4
27/02/2009,1829343482,6.5,5
28/02/2009,1577389168,8.1,6
01/03/2009,1573916752,8.8,7
02/03/2009,1791139187,7.8,1
03/03/2009,1866983078,7.5,2
04/03/2009,2025123132,5.4,3
05/03/2009,2112336299,4.2,4
06/03/2009,2027391604,3.8,5
07/03/2009,1743969607,5.4,6
08/03/2009,1689870746,6.9,7
09/03/2009,1890976232,6.9,1
10/03/2009,1897358108,7,2
11/03/2009,1785860130,7,3
12/03/2009,1725648899,7.9,4
13/03/2009,1550170158,8.7,5
14/03/2009,1426712599,9.9,6
15/03/2009,1404047868,9.5,7
16/03/2009,1524166496,9.4,1
17/03/2009,1485695451,9.8,2
18/03/2009,1462195659,9.8,3
19/03/2009,1497233094,9.4,4
20/03/2009,1653571417,7.3,5
21/03/2009,1581972817,6.6,6
22/03/2009,1571878723,7,7
23/03/2009,1654281442,8.1,1
24/03/2009,1815456283,6.5,2
25/03/2009,1829603992,7,3
26/03/2009,1727539470,8.1,4
27/03/2009,1600215075,9,5
28/03/2009,1515121152,7.7,6
29/03/2009,1620044672,6.8,7
30/03/2009,1712437131,6.8,1
01/04/2009,1311737487,10.1,3
02/04/2009,1173909822,11.6,4
03/04/2009,1107032512,12,5
04/04/2009,1009811164,11.3,6
05/04/2009,953914452,11.5,7
06/04/2009,970211484,13.7,1
07/04/2009,1060726633,12.4,2
08/04/2009,1131526215,11.8,3
09/04/2009,959915080,13.7,4
10/04/2009,860059444,14.9,5
11/04/2009,791616531,15.3,6
12/04/2009,774274936,14.6,7
13/04/2009,793760885,14.3,1
14/04/2009,851408562,15.4,2
15/04/2009,863992470,15.8,3
16/04/2009,979527964,13,4
17/04/2009,997229368,11.8,5
18/04/2009,939556948,11.4,6
19/04/2009,896035331,12.2,7
20/04/2009,936424636,13,1
21/04/2009,914731725,13.4,2
22/04/2009,877007750,13.4,3
23/04/2009,871772648,13,4
24/04/2009,822943944,13.4,5
25/04/2009,780705317,13.1,6
26/04/2009,811103837,12.4,7
27/04/2009,1012717030,11.4,1
28/04/2009,1063519572,10.5,2
29/04/2009,1059628717,10.4,3
30/04/2009,913222355,12.1,4
01/05/2009,702343142,13.7,5
02/05/2009,681560900,14,6
03/05/2009,739637364,13,7
04/05/2009,885890698,12.4,1
05/05/2009,908794490,12.6,2
06/05/2009,845940015,13.4,3
07/05/2009,711520749,16,4
08/05/2009,652812097,14.8,5
09/05/2009,644610943,15,6
10/05/2009,611412859,15.9,7
11/05/2009,732699386,16.2,1
12/05/2009,767182025,16,2
13/05/2009,722540739,16.4,3
14/05/2009,713382120,15.9,4
15/05/2009,759755882,13.5,5
16/05/2009,663894086,14.2,6
17/05/2009,659425114,14.4,7
18/05/2009,733409780,14.5,1
19/05/2009,696610975,15.9,2
20/05/2009,623797080,18,3
21/05/2009,523124571,18.4,4
22/05/2009,558166221,17.6,5
23/05/2009,505903155,19.1,6
24/05/2009,451101864,21.5,7
25/05/2009,573520473,22.6,1
26/05/2009,623791482,17.6,2
27/05/2009,659405753,15.3,3
28/05/2009,630937192,15.8,4
29/05/2009,583182367,17.1,5
30/05/2009,491014903,18.2,6
31/05/2009,447243893,18.9,7
01/06/2009,482494835,19.3,1
02/06/2009,568093519,19.1,2
03/06/2009,588248435,17.9,3
04/06/2009,598692922,15.9,4
05/06/2009,581066136,15.1,5
06/06/2009,519387818,14.3,6
07/06/2009,530918094,14.3,7
08/06/2009,670073954,14.4,1
09/06/2009,656681770,15.5,2
10/06/2009,662084074,15.9,3
11/06/2009,647377959,16.2,4
12/06/2009,608067473,17.4,5
13/06/2009,490193540,19.9,6
14/06/2009,479747725,21,7
15/06/2009,596333011,19.2,1
16/06/2009,602964281,18.4,2
17/06/2009,595350699,20.2,3
18/06/2009,591470323,20,4
19/06/2009,575250180,18,5
20/06/2009,502432821,16,6
21/06/2009,492774276,15.8,7
22/06/2009,610450033,15.9,1
23/06/2009,604510412,17.4,2
24/06/2009,592316086,19.3,3
25/06/2009,571964592,21.7,4
26/06/2009,546868005,20.4,5
27/06/2009,468903433,20.3,6
28/06/2009,452719265,21.5,7
29/06/2009,531336339,24.3,1
30/06/2009,538871569,24.3,2
01/07/2009,530348652,24.4,3
02/07/2009,537761119,25.1,4
03/07/2009,515582644,23.2,5
04/07/2009,425495611,23.3,6
05/07/2009,417591559,22.2,7
06/07/2009,536871519,20.9,1
07/07/2009,559776383,18.6,2
08/07/2009,573304514,17.7,3
09/07/2009,579030838,17.5,4
10/07/2009,551298997,17.1,5
11/07/2009,455705123,18.3,6
12/07/2009,440098915,20,7
13/07/2009,477688667,21.7,1
14/07/2009,470040314,21.8,2
15/07/2009,562743759,21.6,3
16/07/2009,552311346,23.2,4
17/07/2009,544409052,19.1,5
18/07/2009,458428901,18.1,6
19/07/2009,447145588,18,7
20/07/2009,540182512,19.9,1
21/07/2009,532856599,22.9,2
22/07/2009,529202254,22.7,3
23/07/2009,541548232,21.1,4
24/07/2009,517319830,19.3,5
25/07/2009,431675063,18.7,6
26/07/2009,409352464,20,7
27/07/2009,505674380,19.5,1
28/07/2009,512007693,20.2,2
29/07/2009,499004703,22,3
30/07/2009,506375290,20,4
31/07/2009,473562155,20.1,5
01/08/2009,404702115,21.8,6
02/08/2009,403873437,19.4,7
03/08/2009,462745698,18.9,1
04/08/2009,461111407,20.5,2
05/08/2009,445320449,22.3,3
06/08/2009,442902361,24.6,4
07/08/2009,431041196,22.5,5
08/08/2009,370738862,21.6,6
09/08/2009,367581634,20.5,7
10/08/2009,430438549,20.9,1
11/08/2009,432716644,20.8,2
12/08/2009,426395445,21.7,3
13/08/2009,435154570,21,4
14/08/2009,418662725,21.5,5
15/08/2009,363516642,23.7,6
16/08/2009,364558856,23.2,7
17/08/2009,446601812,22,1
18/08/2009,449676019,22.7,2
19/08/2009,432544896,25.7,3
20/08/2009,448100749,25.5,4
21/08/2009,455402415,22.1,5
22/08/2009,399524303,21.1,6
23/08/2009,393932306,21.5,7
24/08/2009,487489532,22.3,1
25/08/2009,520772391,19.8,2
26/08/2009,526905687,20.3,3
27/08/2009,529337902,21,4
28/08/2009,531240463,19.5,5
29/08/2009,458275796,17.8,6
30/08/2009,447636224,17.7,7
31/08/2009,544802264,21,1
01/09/2009,566472349,19.9,2
02/09/2009,589121488,18.8,3
03/09/2009,592506110,17.8,4
04/09/2009,582598157,16.2,5
05/09/2009,504476913,15.3,6
06/09/2009,493899942,15.8,7
07/09/2009,583068239,17.9,1
08/09/2009,579908030,20.2,2
09/09/2009,586613482,19.9,3
10/09/2009,596591943,18.9,4
11/09/2009,591941325,17.4,5
12/09/2009,514255816,16.7,6
13/09/2009,521002487,16.1,7
14/09/2009,654860886,15.5,1
15/09/2009,692787160,14.3,2
16/09/2009,691736712,15.2,3
17/09/2009,685048441,16,4
18/09/2009,642240501,17.1,5
19/09/2009,549207035,18.4,6
20/09/2009,540925898,17.9,7
21/09/2009,652389442,18,1
22/09/2009,670539387,17.4,2
23/09/2009,678505925,17.3,3
24/09/2009,673955260,16.8,4
25/09/2009,665551216,15.9,5
26/09/2009,575952454,15.7,6
27/09/2009,561672515,16,7
28/09/2009,685084516,16.2,1
29/09/2009,706568476,16.4,2
30/09/2009,702550175,16.2,3
01/10/2009,720436664,15.6,4
02/10/2009,730578779,14.4,5
03/10/2009,655971050,13.9,6
04/10/2009,629294359,14.1,7
05/10/2009,769961023,15.5,1
06/10/2009,733624731,17.8,2
07/10/2009,703514363,19.1,3
08/10/2009,723350121,16.9,4
09/10/2009,728697874,15.9,5
10/10/2009,630100205,15.3,6
11/10/2009,665272076,14.8,7
12/10/2009,881549097,13.2,1
13/10/2009,996238492,12,2
14/10/2009,1178744365,9.1,3
15/10/2009,1449997423,7.6,4
16/10/2009,1422965193,8.8,5
17/10/2009,1262630780,8.5,6
18/10/2009,1306779010,8.1,7
19/10/2009,1551900215,7.5,1
20/10/2009,1405402757,10.6,2
21/10/2009,1301574584,11.6,3
22/10/2009,1264845763,11.7,4
23/10/2009,1205610125,11.5,5
24/10/2009,1040747190,12.8,6
25/10/2009,1002615175,12.5,7
26/10/2009,1185743091,12.1,1
27/10/2009,1238646974,10.7,2
28/10/2009,1230117546,11.1,3
29/10/2009,1241554535,11.1,4
30/10/2009,1356509739,9.7,5
31/10/2009,1213364043,10.7,6
01/11/2009,1185262252,12.6,7
02/11/2009,1515528530,10.3,1
03/11/2009,1562824517,10,2
04/11/2009,1642292101,9.4,3
05/11/2009,1708321967,8.8,4
06/11/2009,1683012163,8.5,5
07/11/2009,1621930639,7.4,6
08/11/2009,1688769484,6.6,7
09/11/2009,1903226591,7,1
10/11/2009,1886420637,6.7,2
11/11/2009,1772347223,6,3
12/11/2009,1685727499,8.7,4
13/11/2009,1453872376,12.5,5
14/11/2009,1356383005,13.1,6
15/11/2009,1368162890,12.7,7
16/11/2009,1436514364,13.2,1
17/11/2009,1522520793,12.4,2
18/11/2009,1592797780,11.2,3
19/11/2009,1606184595,10.5,4
20/11/2009,1452605186,12.3,5
21/11/2009,1279589387,13.6,6
22/11/2009,1412246892,12.3,7
23/11/2009,1584355044,12.3,1
24/11/2009,1538499244,12.1,2
25/11/2009,1651713913,11.2,3
26/11/2009,1689744187,10.1,4
27/11/2009,1739963842,8.8,5
28/11/2009,1588733035,9.6,6
29/11/2009,1636561564,9,7
30/11/2009,1949743817,7.2,1
01/12/2009,2023768953,6.4,2
02/12/2009,1966256964,7,3
03/12/2009,1944200444,7,4
04/12/2009,2032529994,5.8,5
05/12/2009,1703015000,7.9,6
06/12/2009,1610759447,9.3,7
07/12/2009,1833310945,9.2,1
08/12/2009,1881703462,8.1,2
09/12/2009,1750695063,9.3,3
10/12/2009,1801977927,8.8,4
11/12/2009,1952651221,7.5,5
12/12/2009,2020589364,4.8,6
13/12/2009,2217071456,2.5,7
14/12/2009,2601731941,0.2,1
15/12/2009,2727833751,-1,2
16/12/2009,2740931939,-1.3,3
17/12/2009,2733321330,-1.1,4
18/12/2009,2770614425,-1.8,5
19/12/2009,2743697914,-3.2,6
20/12/2009,2590003892,-2.2,7
21/12/2009,2476585356,0.9,1
22/12/2009,2238060921,3.4,2
23/12/2009,2217950625,2.9,3
24/12/2009,1979939294,4.6,4
25/12/2009,1942014842,4.2,5
26/12/2009,2066643808,2.8,6
27/12/2009,2011980996,3.5,7
28/12/2009,2072109948,3.3,1
29/12/2009,1771028051,6.8,2
30/12/2009,1659591724,8.5,3
31/12/2009,1815420034,6.2,4
01/01/2010,2075442380,3.1,5
02/01/2010,2320317569,1,6
03/01/2010,2474173500,-0.8,7
04/01/2010,2862602604,-2.3,1
05/01/2010,2877841183,-2.4,2
06/01/2010,2902559655,-2.9,3
07/01/2010,2948177969,-3.3,4
08/01/2010,3032210111,-3.2,5
09/01/2010,2866144233,-2.6,6
10/01/2010,2735545854,-1.8,7
11/01/2010,2887789376,-1.3,1
12/01/2010,2850715727,-0.5,2
13/01/2010,2593976412,1.1,3
14/01/2010,2526966686,2.3,4
15/01/2010,2465430138,2.8,5
16/01/2010,2216236050,4.4,6
17/01/2010,2069972342,5.5,7
18/01/2010,2353406760,4.7,1
19/01/2010,2491805236,2.7,2
20/01/2010,2454291066,2.4,3
21/01/2010,2391452201,2.9,4
22/01/2010,2299175855,3.2,5
23/01/2010,2176355330,2.8,6
24/01/2010,2146135026,3.4,7
25/01/2010,2430305531,3,1
26/01/2010,2779862877,0.3,2
27/01/2010,2806484714,-0.3,3
28/01/2010,2549765904,1.4,4
29/01/2010,2452927189,2.5,5
30/01/2010,2454922913,1.3,6
31/01/2010,2509562433,0.6,7
01/02/2010,2706519540,0.6,1
02/02/2010,2533371526,3,2
03/02/2010,2310131466,4.6,3
04/02/2010,2210601789,6.2,4
05/02/2010,2124579660,6.3,5
06/02/2010,2006919580,5.9,6
07/02/2010,2108421825,4.4,7
08/02/2010,2417815422,2.8,1
09/02/2010,2692045283,0.1,2
10/02/2010,2844174439,-1.6,3
11/02/2010,2994436714,-2.5,4
12/02/2010,2878850883,-2.2,5
13/02/2010,2742999809,-2.2,6
14/02/2010,2643428710,-1.3,7
15/02/2010,2784498679,-1.3,1
16/02/2010,2662177578,-0.4,2
17/02/2010,2452718977,1.8,3
18/02/2010,2229263289,4.7,4
19/02/2010,2285082820,4.4,5
20/02/2010,2184826482,3.6,6
21/02/2010,2065302201,4.5,7
22/02/2010,1970984965,7.5,1
23/02/2010,1897175673,8.2,2
24/02/2010,1890170245,8.9,3
25/02/2010,1845047739,9.6,4
26/02/2010,1920905767,8.3,5
27/02/2010,1710720017,8.8,6
28/02/2010,1773774954,8.3,7
01/03/2010,2005960661,7,1
02/03/2010,1971942123,6.6,2
03/03/2010,2121927100,5.4,3
04/03/2010,2254129185,4.1,4
05/03/2010,2312054278,3.2,5
06/03/2010,2244308321,2.1,6
07/03/2010,2445969110,0.6,7
08/03/2010,2615936318,0.6,1
09/03/2010,2694006684,0.4,2
10/03/2010,2633850235,1.2,3
11/03/2010,2570695515,1.4,4
12/03/2010,2406575779,2.8,5
13/03/2010,2105656979,4.2,6
14/03/2010,2045189254,5.4,7
15/03/2010,2039565598,6.8,1
16/03/2010,1943037464,7.2,2
17/03/2010,1784767178,9.5,3
18/03/2010,1602067882,11.9,4
19/03/2010,1395343315,14,5
20/03/2010,1278983640,14.2,6
21/03/2010,1430393385,11.5,7
22/03/2010,1571461691,10.4,1
23/03/2010,1474091029,10.9,2
24/03/2010,1375624199,13.3,3
25/03/2010,1382094385,13.7,4
26/03/2010,1545406528,11.1,5
27/03/2010,1419940632,10.3,6
28/03/2010,1392751497,10.5,7
29/03/2010,1445594115,12.2,1
30/03/2010,1670872843,10.1,2
31/03/2010,1810058112,8.2,3
01/04/2010,1656383149,7,4
02/04/2010,1542618973,8.1,5
03/04/2010,1375306304,8.9,6
04/04/2010,1339716164,8.5,7
05/04/2010,1336706692,8.6,1
06/04/2010,1294993644,11.2,2
07/04/2010,1285315696,11.5,3
08/04/2010,1389474246,10.4,4
09/04/2010,1258944153,11.4,5
10/04/2010,1083708334,10.9,6
11/04/2010,1191586243,9.6,7
12/04/2010,1484521660,9.1,1
13/04/2010,1438980755,9.4,2
14/04/2010,1404823283,9.9,3
15/04/2010,1331861100,10.5,4
16/04/2010,1286404687,10,5
17/04/2010,1057875693,11,6
18/04/2010,923002383,12.3,7
19/04/2010,1032258625,13.1,1
20/04/2010,1065955465,12.4,2
21/04/2010,1103687189,11.8,3
22/04/2010,1116300143,11.6,4
23/04/2010,1024261608,12.3,5
24/04/2010,802318287,14.7,6
25/04/2010,739831287,15.9,7
26/04/2010,926002890,14.8,1
27/04/2010,899871502,15.2,2
28/04/2010,814481431,17.5,3
29/04/2010,783611753,19,4
30/04/2010,784164386,16.1,5
01/05/2010,675773785,14.4,6
02/05/2010,800177872,11.9,7
03/05/2010,1239397372,9.6,1
04/05/2010,1357356236,8.8,2
05/05/2010,1425515954,8.1,3
06/05/2010,1374023370,8.6,4
07/05/2010,1252728695,9.4,5
08/05/2010,1001279019,10.8,6
09/05/2010,924912859,11.7,7
10/05/2010,1117124522,12,1
11/05/2010,1294995304,9.8,2
12/05/2010,1276407877,9.1,3
13/05/2010,1130220083,8.9,4
14/05/2010,1142722819,9.6,5
15/05/2010,1017775429,10.7,6
16/05/2010,912000713,12.2,7
17/05/2010,1037573019,12.5,1
18/05/2010,977989451,13.2,2
19/05/2010,955421742,13.6,3
20/05/2010,893413326,15.2,4
21/05/2010,782883147,16.3,5
22/05/2010,603202772,17,6
23/05/2010,519537249,19.1,7
24/05/2010,532328946,21.3,1
25/05/2010,669026978,21.3,2
26/05/2010,713847706,17.3,3
27/05/2010,708054810,15.7,4
28/05/2010,692381889,15.4,5
29/05/2010,581840337,16.2,6
30/05/2010,577894397,15.6,7
31/05/2010,772913522,14.4,1
01/06/2010,780864355,14.3,2
02/06/2010,742066005,15.5,3
03/06/2010,701035879,17.7,4
04/06/2010,657876124,20.1,5
05/06/2010,542688336,22.7,6
06/06/2010,521587076,20.2,7
07/06/2010,681398703,19,1
08/06/2010,684225096,18.9,2
09/06/2010,688884672,18.7,3
10/06/2010,691152042,19.4,4
11/06/2010,639702126,19,5
12/06/2010,502939262,nan,6
13/06/2010,495719411,nan,7
14/06/2010,661592013,nan,1
15/06/2010,689390204,16.2,2
16/06/2010,684424974,16.7,3
17/06/2010,703524941,16.7,4
18/06/2010,679984523,16.2,5
19/06/2010,578186062,13.9,6
20/06/2010,607938433,12.8,7
21/06/2010,762468308,13.7,1
22/06/2010,724274065,16.3,2
23/06/2010,693669175,18.9,3
24/06/2010,657298114,20.4,4
25/06/2010,640683039,21.6,5
26/06/2010,525899504,22.8,6
27/06/2010,479363614,24.2,7
28/06/2010,640680575,24.2,1
29/06/2010,648862819,23.8,2
30/06/2010,657779246,23.8,3
01/07/2010,650590001,25.4,4
02/07/2010,605151092,26.2,5
03/07/2010,489828995,23.4,6
04/07/2010,449634425,22.3,7
05/07/2010,648392849,21.3,1
06/07/2010,670377324,20.7,2
07/07/2010,644180626,22.2,3
08/07/2010,647077600,25.3,4
09/07/2010,608107667,26.6,5
10/07/2010,456775002,25.7,6
11/07/2010,444814467,26.2,7
12/07/2010,626406444,23.6,1
13/07/2010,617233944,23.7,2
14/07/2010,499677341,22,3
15/07/2010,647058694,21.4,4
16/07/2010,621621947,21.2,5
17/07/2010,490413057,19.2,6
18/07/2010,475694632,20.1,7
19/07/2010,638064648,22.2,1
20/07/2010,642723083,24.8,2
21/07/2010,637118021,22.7,3
22/07/2010,640623806,20.8,4
23/07/2010,612643109,18.5,5
24/07/2010,458197083,18.8,6
25/07/2010,448762350,19.1,7
26/07/2010,608489154,19.7,1
27/07/2010,624835168,20,2
28/07/2010,623043594,20.8,3
29/07/2010,592412071,19.2,4
30/07/2010,549386419,20,5
31/07/2010,426121865,21.1,6
01/08/2010,406881788,20.7,7
02/08/2010,521975114,19.2,1
03/08/2010,494681238,19.3,2
04/08/2010,485403050,18.8,3
05/08/2010,493067521,17.8,4
06/08/2010,482360647,18.4,5
07/08/2010,395623284,19.1,6
08/08/2010,383825765,19.5,7
09/08/2010,462460588,20.7,1
10/08/2010,472794072,21.1,2
11/08/2010,478181506,20.7,3
12/08/2010,491408635,19.4,4
13/08/2010,485812942,18.3,5
14/08/2010,415550653,18.1,6
15/08/2010,412508204,16.7,7
16/08/2010,552112047,16.1,1
17/08/2010,547681076,17,2
18/08/2010,548089455,17.3,3
19/08/2010,528375000,19.3,4
20/08/2010,507093708,21.8,5
21/08/2010,435918591,23.3,6
22/08/2010,404928432,24,7
23/08/2010,554420236,22.5,1
24/08/2010,572622452,19.9,2
25/08/2010,575852187,19.9,3
26/08/2010,604493342,22.1,4
27/08/2010,604120772,20.5,5
28/08/2010,511946868,17.8,6
29/08/2010,496000337,16.2,7
30/08/2010,687102714,15.2,1
31/08/2010,702631753,15.3,2
01/09/2010,736092534,16,3
02/09/2010,719981656,17,4
03/09/2010,665097339,17.6,5
04/09/2010,537964693,17.8,6
05/09/2010,488515846,18.2,7
06/09/2010,657217982,18.6,1
07/09/2010,652644492,17.6,2
08/09/2010,702401376,16.5,3
09/09/2010,715946679,16,4
10/09/2010,681280168,16.6,5
11/09/2010,517891521,18.1,6
12/09/2010,516685687,17.3,7
13/09/2010,682079468,17,1
14/09/2010,691278138,17,2
15/09/2010,711451415,16.5,3
16/09/2010,731239850,15.6,4
17/09/2010,725706891,14.1,5
18/09/2010,627421084,13.2,6
19/09/2010,623816591,13.3,7
20/09/2010,785672708,15,1
21/09/2010,785537521,16.3,2
22/09/2010,758990728,17.5,3
23/09/2010,740624420,18.1,4
24/09/2010,768389401,15.7,5
25/09/2010,729925831,13.1,6
26/09/2010,760986392,11.1,7
27/09/2010,1029242089,10.8,1
28/09/2010,1053750110,12.1,2
29/09/2010,1025884405,13.8,3
30/09/2010,1037415600,13.5,4
01/10/2010,1017857656,13.8,5
02/10/2010,795732415,16.4,6
03/10/2010,685624212,18.3,7
04/10/2010,873494413,17.9,1
05/10/2010,948290065,16.4,2
06/10/2010,941041161,15.8,3
07/10/2010,929280233,16.6,4
08/10/2010,868693020,17,5
09/10/2010,738684929,17.5,6
10/10/2010,748348384,15.7,7
11/10/2010,1014495802,13.9,1
12/10/2010,1092124373,12.2,2
13/10/2010,1238846592,10.9,3
14/10/2010,1303027937,10.7,4
15/10/2010,1291321026,10.4,5
16/10/2010,1215708548,9.5,6
17/10/2010,1373585386,7.7,7
18/10/2010,1560015926,8.3,1
19/10/2010,1504657659,9.1,2
20/10/2010,1638817649,7.7,3
21/10/2010,1760851417,6.6,4
22/10/2010,1721011098,7.5,5
23/10/2010,1493290894,8.7,6
24/10/2010,1469479808,8.1,7
25/10/2010,1808989423,7.2,1
26/10/2010,1813009195,7.1,2
27/10/2010,1672342660,8.1,3
28/10/2010,1583820524,9.2,4
29/10/2010,1513670855,12,5
30/10/2010,1376900486,11.6,6
31/10/2010,1294271104,11.6,7
01/11/2010,1468004506,11,1
02/11/2010,1648604377,10.9,2
03/11/2010,1528413611,12.8,3
04/11/2010,1438849666,14.2,4
05/11/2010,1410617017,14.8,5
06/11/2010,1358881426,12.5,6
07/11/2010,1579996929,8.8,7
08/11/2010,1986442992,6.9,1
09/11/2010,1913316606,7.8,2
10/11/2010,1981725815,7.3,3
11/11/2010,1783254220,8.5,4
12/11/2010,1556750241,11.5,5
13/11/2010,1330237934,13.2,6
14/11/2010,1394151913,13,7
15/11/2010,1834283260,9.5,1
16/11/2010,2012137924,7.2,2
17/11/2010,2074259011,6,3
18/11/2010,2018020193,6.6,4
19/11/2010,1974241045,7.1,5
20/11/2010,1806511569,7.4,6
21/11/2010,1862163323,6.2,7
22/11/2010,2191763187,5,1
23/11/2010,2268274735,4.7,2
24/11/2010,2290270878,4.2,3
25/11/2010,2440801370,3,4
26/11/2010,2536538800,1.4,5
27/11/2010,2426775396,0.7,6
28/11/2010,2419826272,0.5,7
29/11/2010,2721923507,-0.1,1
30/11/2010,2852720622,-1.1,2
01/12/2010,2906470914,-2.1,3
02/12/2010,2929122309,-3,4
03/12/2010,2928868691,-3.2,5
04/12/2010,2666372715,-1.6,6
05/12/2010,2404503420,1.8,7
06/12/2010,2515611990,3.5,1
07/12/2010,2492204621,4.2,2
08/12/2010,2490407730,4.6,3
09/12/2010,2651907720,2.9,4
10/12/2010,2559400523,3.4,5
11/12/2010,2235595782,4.3,6
12/12/2010,2252508838,4,7
13/12/2010,2794127731,1.5,1
14/12/2010,2965127890,-0.7,2
15/12/2010,2984265443,-0.5,3
16/12/2010,2820322553,0.6,4
17/12/2010,2816790983,-1,5
18/12/2010,2680006964,-1,6
19/12/2010,2455157435,0.9,7
20/12/2010,2523809218,1.8,1
21/12/2010,2426320742,3.1,2
22/12/2010,2383576688,3.9,3
23/12/2010,2427107978,2.9,4
24/12/2010,2437455934,0.9,5
25/12/2010,2488364262,-0.9,6
26/12/2010,2579639383,-1.4,7
27/12/2010,2691071762,-1.5,1
28/12/2010,2464241182,0.7,2
29/12/2010,2296030857,2.3,3
30/12/2010,2313133632,3.1,4
31/12/2010,2288884543,2.6,5
01/01/2011,2159470027,2.5,6
02/01/2011,2289411037,2.2,7
03/01/2011,2686189443,0.9,1
04/01/2011,2793432573,-0.3,2
05/01/2011,2574336511,1.9,3
06/01/2011,2117368802,6.8,4
07/01/2011,1840189430,10.4,5
08/01/2011,1593241484,11.1,6
09/01/2011,1827470527,7.9,7
10/01/2011,2325422203,4.9,1
11/01/2011,2200984377,5.5,2
12/01/2011,2045001188,7.4,3
13/01/2011,1789501306,10,4
14/01/2011,1754159727,9.7,5
15/01/2011,1645485772,8.7,6
16/01/2011,1713466981,7.9,7
17/01/2011,2016911355,7.4,1
18/01/2011,2123120900,6.7,2
19/01/2011,2342830559,4.9,3
20/01/2011,2509790003,3.2,4
21/01/2011,2654182419,1.8,5
22/01/2011,2449041478,2.2,6
23/01/2011,2357491147,2.3,7
24/01/2011,2480650559,3.1,1
25/01/2011,2433520432,3.7,2
26/01/2011,2418167219,3.5,3
27/01/2011,2570064402,2.2,4
28/01/2011,2668753603,0.7,5
29/01/2011,2554331194,-0.5,6
30/01/2011,2617585257,-1.3,7
31/01/2011,2916443546,-1.8,1
01/02/2011,2893619634,-1.2,2
02/02/2011,2694780034,0.7,3
03/02/2011,2430415138,3.4,4
04/02/2011,2161861273,6.8,5
05/02/2011,1823954255,8.4,6
06/02/2011,1838000920,7.5,7
07/02/2011,2076384745,7.2,1
08/02/2011,2079186748,6.2,2
09/02/2011,2180312458,5.2,3
10/02/2011,2066231524,6.8,4
11/02/2011,1832589436,8.6,5
12/02/2011,1767314179,7.8,6
13/02/2011,1751931773,7.7,7
14/02/2011,2063539557,7,1
15/02/2011,2164395598,6.3,2
16/02/2011,2140444499,5.4,3
17/02/2011,2190302541,5.3,4
18/02/2011,2197266620,4.2,5
19/02/2011,1968792001,4.8,6
20/02/2011,1895163646,5.4,7
21/02/2011,2186725020,5.6,1
22/02/2011,2268405002,4.3,2
23/02/2011,2288783488,3.8,3
24/02/2011,2034745529,6.7,4
25/02/2011,1870938407,8.6,5
26/02/2011,1762638122,8.4,6
27/02/2011,1880806060,6.7,7
28/02/2011,2264324187,5.2,1
01/03/2011,2252550714,5.2,2
02/03/2011,2262905878,4.4,3
03/03/2011,2271465009,3.8,4
04/03/2011,2163462167,4,5
05/03/2011,2040663791,4.1,6
06/03/2011,2039583944,4.4,7
07/03/2011,2210401381,4.8,1
08/03/2011,1998152119,6.9,2
09/03/2011,1945326392,7.5,3
10/03/2011,1907246550,8.7,4
11/03/2011,1779034384,9.3,5
12/03/2011,1612321282,9.7,6
13/03/2011,1530989699,9.7,7
14/03/2011,1655903365,10.5,1
15/03/2011,1533977362,11.8,2
16/03/2011,1542775128,11.7,3
17/03/2011,1817810530,9.1,4
18/03/2011,1747386428,8.8,5
19/03/2011,1670057757,7.6,6
20/03/2011,1647999537,7.3,7
21/03/2011,1808436092,8,1
22/03/2011,1714963860,9.5,2
23/03/2011,1569585139,10.9,3
24/03/2011,1428529945,12.5,4
25/03/2011,1307063349,13.1,5
26/03/2011,1096078475,12.5,6
27/03/2011,1200873758,11.5,7
28/03/2011,1441149016,10.7,1
29/03/2011,1427493971,11.2,2
30/03/2011,1449973055,11.9,3
31/03/2011,1354678925,12.9,4
01/04/2011,1090263640,13.2,5
02/04/2011,811151903,15.5,6
03/04/2011,911712543,14,7
04/04/2011,1237180496,12,1
05/04/2011,1185960807,12.3,2
06/04/2011,1012368983,15.1,3
07/04/2011,900078984,16.9,4
08/04/2011,850575223,16.3,5
09/04/2011,712520824,15.6,6
10/04/2011,681163262,16.5,7
11/04/2011,880224001,15.9,1
12/04/2011,1092271560,12.2,2
13/04/2011,1183523521,10.8,3
14/04/2011,1153186520,11,4
15/04/2011,1139674027,11.6,5
16/04/2011,960480778,11.8,6
17/04/2011,846302108,13,7
18/04/2011,985563941,14.8,1
19/04/2011,937975730,16.6,2
20/04/2011,888078558,17.5,3
21/04/2011,851848253,17.9,4
22/04/2011,720532507,18.3,5
23/04/2011,632350100,18.3,6
24/04/2011,551959553,18.4,7
25/04/2011,590492519,18,1
26/04/2011,813067969,16.7,2
27/04/2011,882269846,14.8,3
28/04/2011,975152987,12.7,4
29/04/2011,903091509,13.3,5
30/04/2011,652652204,15,6
01/05/2011,579521523,16.7,7
02/05/2011,821753833,15.8,1
03/05/2011,923342186,14,2
04/05/2011,933203302,13.5,3
05/05/2011,894588405,15.1,4
06/05/2011,794794332,17.7,5
07/05/2011,597552354,19.6,6
08/05/2011,540147787,19.5,7
09/05/2011,762722164,19.9,1
10/05/2011,786674906,19.1,2
11/05/2011,785663172,18.2,3
12/05/2011,795112838,16.4,4
13/05/2011,749949960,16.2,5
14/05/2011,615608182,14.5,6
15/05/2011,614041737,13.1,7
16/05/2011,804067198,13.7,1
17/05/2011,779503124,15.1,2
18/05/2011,754875589,17.3,3
19/05/2011,752036984,17.5,4
20/05/2011,707427111,17.4,5
21/05/2011,588910562,18.8,6
22/05/2011,541202780,18.2,7
23/05/2011,710297257,19,1
24/05/2011,728689784,17.3,2
25/05/2011,712619688,18.4,3
26/05/2011,724233326,17.3,4
27/05/2011,730270770,14.8,5
28/05/2011,568112964,15.2,6
29/05/2011,542118328,17.5,7
30/05/2011,696730630,19.6,1
31/05/2011,723449730,15.6,2
01/06/2011,730871769,14.9,3
02/06/2011,574658041,16.6,4
03/06/2011,561558864,19.9,5
04/06/2011,507730702,21.5,6
05/06/2011,506169301,20.4,7
06/06/2011,716163320,18.1,1
07/06/2011,734152084,16.3,2
08/06/2011,745322654,14.9,3
09/06/2011,754916657,15.1,4
10/06/2011,723217256,14.5,5
11/06/2011,573617285,14.3,6
12/06/2011,525037358,15.8,7
13/06/2011,555007961,17.5,1
14/06/2011,719928586,19.2,2
15/06/2011,684912910,20.2,3
16/06/2011,703809986,18.2,4
17/06/2011,690747597,17.4,5
18/06/2011,561228573,16,6
19/06/2011,561099768,15.9,7
20/06/2011,724640810,17.6,1
21/06/2011,710697545,19.1,2
22/06/2011,728998047,18.2,3
23/06/2011,684502572,17.1,4
24/06/2011,660631337,16.9,5
25/06/2011,525580356,18.3,6
26/06/2011,485979308,21.9,7
27/06/2011,646389503,26,1
28/06/2011,667306724,25.9,2
29/06/2011,691622765,21.1,3
30/06/2011,698005839,18.6,4
01/07/2011,666227762,17.5,5
02/07/2011,524752968,17.4,6
03/07/2011,511324258,18.3,7
04/07/2011,677773288,19.7,1
05/07/2011,678485213,21.9,2
06/07/2011,688642462,20.6,3
07/07/2011,701745613,19,4
08/07/2011,669461168,18.8,5
09/07/2011,500019665,18.8,6
10/07/2011,488432822,18.9,7
11/07/2011,675196210,20.8,1
12/07/2011,677679025,21,2
13/07/2011,673904325,17.7,3
14/07/2011,529344528,16.7,4
15/07/2011,578438547,18.5,5
16/07/2011,487799480,18.7,6
17/07/2011,492784534,17.1,7
18/07/2011,673816225,16.4,1
19/07/2011,694292284,nan,2
20/07/2011,700762989,nan,3
21/07/2011,650269280,nan,4
22/07/2011,634452958,nan,5
23/07/2011,506852065,15.8,6
24/07/2011,491444789,16.2,7
25/07/2011,645885012,17.1,1
26/07/2011,639997714,17.7,2
27/07/2011,641455425,17.4,3
28/07/2011,612928884,17.7,4
29/07/2011,554596701,18.1,5
30/07/2011,456635765,17.6,6
31/07/2011,435992898,17.7,7
01/08/2011,504066647,19.4,1
02/08/2011,513347540,22,2
03/08/2011,544076234,21.9,3
04/08/2011,533191597,21.3,4
05/08/2011,522623698,20.7,5
06/08/2011,438679086,19.3,6
07/08/2011,433770945,18,7
08/08/2011,501538256,17.6,1
09/08/2011,535120709,16.6,2
10/08/2011,527582140,17.5,3
11/08/2011,515799280,19.2,4
12/08/2011,557644467,19.9,5
13/08/2011,463365618,20.2,6
14/08/2011,413806097,19.4,7
15/08/2011,476828434,19.4,1
16/08/2011,561060247,20.1,2
17/08/2011,565935326,21.5,3
18/08/2011,552958002,22.1,4
19/08/2011,533185049,21.7,5
20/08/2011,445084673,23.4,6
21/08/2011,417035346,24.4,7
22/08/2011,595911528,23.6,1
23/08/2011,623168103,23.6,2
24/08/2011,637276297,20.9,3
25/08/2011,649592560,21,4
26/08/2011,609877664,17.7,5
27/08/2011,501072679,16.3,6
28/08/2011,480664844,15.9,7
29/08/2011,644990935,15.9,1
30/08/2011,721847376,15.8,2
31/08/2011,728810012,17.2,3
01/09/2011,700594931,19.1,4
02/09/2011,652466018,21.4,5
03/09/2011,501773950,22.1,6
04/09/2011,487178592,19.7,7
05/09/2011,678639357,17.7,1
06/09/2011,638705743,17.2,2
07/09/2011,669882659,16.8,3
08/09/2011,660531421,17.6,4
09/09/2011,678421210,19.6,5
10/09/2011,517288222,21.7,6
11/09/2011,518947919,19.6,7
12/09/2011,670933635,19.4,1
13/09/2011,692289370,18.3,2
14/09/2011,729421813,16.6,3
15/09/2011,762723336,16.2,4
16/09/2011,714008186,17.5,5
17/09/2011,586906756,16.6,6
18/09/2011,583069317,14.3,7
19/09/2011,768673480,14.2,1
20/09/2011,781821150,15,2
21/09/2011,805023011,15.7,3
22/09/2011,817360948,15.5,4
23/09/2011,823357228,15.1,5
24/09/2011,677838188,16.2,6
25/09/2011,585657363,18.3,7
26/09/2011,818618282,19.1,1
27/09/2011,840532669,19.1,2
28/09/2011,837937960,19.8,3
29/09/2011,813514768,19.9,4
30/09/2011,792839851,20,5
01/10/2011,706707653,19.9,6
02/10/2011,647249220,19.4,7
03/10/2011,839256428,19.4,1
04/10/2011,873780709,18.7,2
05/10/2011,869853100,17.7,3
06/10/2011,909049093,15.5,4
07/10/2011,977669295,13,5
08/10/2011,900007263,11.9,6
09/10/2011,775433645,13.2,7
10/10/2011,980844642,15.3,1
11/10/2011,1001481271,15.6,2
12/10/2011,1022772365,15.5,3
13/10/2011,1026749691,14.6,4
14/10/2011,1097149656,12.3,5
15/10/2011,1001342492,10.8,6
16/10/2011,946014912,11.1,7
17/10/2011,1170922533,12.4,1
18/10/2011,1243506433,12.1,2
19/10/2011,1440760518,9.7,3
20/10/2011,1617603567,8,4
21/10/2011,1682326036,6.6,5
22/10/2011,1500657441,6.5,6
23/10/2011,1210719579,9.3,7
24/10/2011,1377201600,11.9,1
25/10/2011,1397939042,11.8,2
26/10/2011,1434993339,11.4,3
27/10/2011,1370876626,12.5,4
28/10/2011,1245475286,13.6,5
29/10/2011,1077706359,14.1,6
30/10/2011,972053672,14,7
31/10/2011,1195720841,13.5,1
01/11/2011,1203287238,12.8,2
02/11/2011,1356692089,14,3
03/11/2011,1306062039,15.4,4
04/11/2011,1350203768,14.7,5
05/11/2011,1164529427,14.4,6
06/11/2011,1194995607,13.2,7
07/11/2011,1559476409,11.5,1
08/11/2011,1598900409,10.8,2
09/11/2011,1574521507,10.7,3
10/11/2011,1598976141,9.8,4
11/11/2011,1453439738,9.2,5
12/11/2011,1343100733,10,6
13/11/2011,1417375662,9.2,7
14/11/2011,1838375913,7.4,1
15/11/2011,2011665886,4.8,2
16/11/2011,2065212328,3.8,3
17/11/2011,1909863642,6.5,4
18/11/2011,1826346360,7.6,5
19/11/2011,1631401715,7.9,6
20/11/2011,1575276692,7.8,7
21/11/2011,1832555712,8,1
22/11/2011,1839784841,8.3,2
23/11/2011,1857637504,8.2,3
24/11/2011,1963989464,7.3,4
25/11/2011,1969230891,6.8,5
26/11/2011,1766119755,6.7,6
27/11/2011,1648684449,7.3,7
28/11/2011,2000312423,6.4,1
29/11/2011,1960352671,7.6,2
30/11/2011,1915809457,7.6,3
01/12/2011,1781486816,10.8,4
02/12/2011,1808269026,9.6,5
05/12/2011,1974719286,7.6,1
06/12/2011,2027560057,7,2
07/12/2011,1944687222,7.5,3
08/12/2011,1885787976,8,4
09/12/2011,1859321628,7.4,5
10/12/2011,1762657513,6.4,6
11/12/2011,1775496154,6.5,7
12/12/2011,2033893699,6.6,1
13/12/2011,1919335577,8,2
14/12/2011,2018869423,7.6,3
15/12/2011,2058592413,7.5,4
16/12/2011,2046705856,6.8,5
17/12/2011,1998159699,4.9,6
18/12/2011,2088013507,3.4,7
19/12/2011,2396494723,2.4,1
20/12/2011,2196515176,4.2,2
21/12/2011,2011103293,6.1,3
22/12/2011,1765226380,8.6,4
23/12/2011,1697550681,8.6,5
24/12/2011,1720950399,6.8,6
25/12/2011,1662106913,6.9,7
26/12/2011,1791300371,6.5,1
27/12/2011,2002540584,4.6,2
28/12/2011,1996808447,3.8,3
29/12/2011,1924397343,5.1,4
30/12/2011,1799510596,5.8,5
31/12/2011,1493943702,8.8,6
01/01/2012,1372103809,10.6,7
02/01/2012,1777286683,8.5,1
03/01/2012,1862269037,8.4,2
04/01/2012,1898390576,7.6,3
05/01/2012,1938117143,8.1,4
06/01/2012,1985118595,6.6,5
07/01/2012,1738740942,6.9,6
08/01/2012,1733767051,6.9,7
09/01/2012,1980117915,7.9,1
10/01/2012,1951258158,8.4,2
11/01/2012,1989638222,8,3
12/01/2012,2081304937,nan,4
13/01/2012,2159058023,nan,5
14/01/2012,2127932312,nan,6
15/01/2012,2200343108,1.2,7
16/01/2012,2590422704,0.6,1
17/01/2012,2632251319,0.1,2
18/01/2012,2442941655,1.7,3
19/01/2012,2072104905,5.8,4
20/01/2012,1974261182,7.1,5
21/01/2012,1643684400,8.6,6
22/01/2012,1652264352,8.4,7
23/01/2012,1963564855,7.3,1
24/01/2012,2057721820,6.2,2
25/01/2012,1948921741,7.1,3
26/01/2012,1971059282,7.2,4
27/01/2012,2100351400,6,5
28/01/2012,2009372963,4.8,6
29/01/2012,2163877067,2.4,7
30/01/2012,2612125586,0.8,1
31/01/2012,2768507168,-0.2,2
01/02/2012,3026519308,-2.2,3
02/02/2012,3240567572,-4.2,4
03/02/2012,3246227918,-5,5
04/02/2012,3021770752,-5.8,6
05/02/2012,3020592315,-5.6,7
06/02/2012,3198044833,-4.5,1
07/02/2012,3382908228,nan,2
08/02/2012,3392194670,-5.2,3
09/02/2012,3285448204,-4.3,4
10/02/2012,3261656989,nan,5
11/02/2012,3186136116,nan,6
12/02/2012,3027593903,nan,7
13/02/2012,2890127471,-0.6,1
14/02/2012,2643041449,2.2,2
15/02/2012,2460988289,4.7,3
16/02/2012,2330055530,5.5,4
17/02/2012,2193236035,6.3,5
18/02/2012,1993774023,6.1,6
19/02/2012,2151528030,4.1,7
20/02/2012,2502055236,2.9,1
21/02/2012,2480153614,2.7,2
22/02/2012,2341786920,3.7,3
23/02/2012,2098018162,6.5,4
24/02/2012,1883048405,8.2,5
25/02/2012,1670859888,8.3,6
26/02/2012,1713990551,7,7
27/02/2012,2002689359,6.8,1
28/02/2012,1892595256,8,2
29/02/2012,1753420571,8.5,3
01/03/2012,1694987516,8.8,4
02/03/2012,1638837137,9.6,5
03/03/2012,1460390681,9.4,6
04/03/2012,1581919315,8.6,7
05/03/2012,2108560453,5.8,1
06/03/2012,2155264087,4.6,2
07/03/2012,2155319068,4.9,3
08/03/2012,2060398292,5.6,4
09/03/2012,1899618786,7.1,5
10/03/2012,1536779013,nan,6
11/03/2012,1482829196,9.5,7
12/03/2012,1585660929,10.4,1
13/03/2012,1573975942,10.1,2
14/03/2012,1559146536,9.7,3
15/03/2012,1417685171,11.6,4
16/03/2012,1287696083,12.6,5
17/03/2012,1288170167,11.8,6
18/03/2012,1479690277,9,7
19/03/2012,1795362532,7.9,1
20/03/2012,1735143890,8.3,2
21/03/2012,1542716260,10.3,3
22/03/2012,1332835392,12.5,4
23/03/2012,1211070620,13.8,5
24/03/2012,1002088374,14.2,6
25/03/2012,1035353785,13.5,7
26/03/2012,1132540874,13.8,1
27/03/2012,1130457753,13.9,2
28/03/2012,1094299280,13.9,3
29/03/2012,1092214820,13.6,4
30/03/2012,1104107436,12.6,5
31/03/2012,1124073591,10.5,6
01/04/2012,1142135516,9.1,7
02/04/2012,1205693765,10.7,1
03/04/2012,1184499746,11.6,2
04/04/2012,1279374188,10.7,3
05/04/2012,1334813808,9.8,4
06/04/2012,1203108034,9.4,5
07/04/2012,1159725166,8.9,6
08/04/2012,1158800083,8.2,7
09/04/2012,1168614717,10,1
10/04/2012,1382140128,9.3,2
11/04/2012,1432867214,8.9,3
12/04/2012,1451398160,8.5,4
13/04/2012,1376118339,nan,5
14/04/2012,1174988978,nan,6
15/04/2012,1347263861,nan,7
16/04/2012,1708530031,6.4,1
17/04/2012,1658799836,6.9,2
18/04/2012,1544450863,8,3
19/04/2012,1460377058,9,4
20/04/2012,1394480241,9.3,5
21/04/2012,1198843479,9.2,6
22/04/2012,1206351018,9.1,7
23/04/2012,1487627791,8.9,1
24/04/2012,1464878128,8.7,2
25/04/2012,1339820351,10.4,3
26/04/2012,1228673608,12.2,4
27/04/2012,1140405076,13.1,5
28/04/2012,912932806,14.5,6
29/04/2012,864411215,14.3,7
30/04/2012,885429441,14,1
01/05/2012,807117895,14.1,2
02/05/2012,1022357171,12.5,3
03/05/2012,942831378,13.6,4
04/05/2012,881051516,13.6,5
05/05/2012,861569972,12.1,6
06/05/2012,904302252,11.5,7
07/05/2012,871303972,12.8,1
08/05/2012,781219905,14.7,2
09/05/2012,804261780,17.1,3
10/05/2012,708699793,20,4
11/05/2012,710267296,18.3,5
12/05/2012,698111866,14.1,6
13/05/2012,736891717,12.5,7
14/05/2012,814478455,13,1
15/05/2012,958876555,10.7,2
16/05/2012,957178720,10.3,3
17/05/2012,798433605,12.3,4
18/05/2012,764814608,13.8,5
19/05/2012,674477065,15.2,6
20/05/2012,674948529,15.4,7
21/05/2012,896640102,13.6,1
22/05/2012,864229112,14.1,2
23/05/2012,749519724,17.4,3
24/05/2012,663290596,21,4
25/05/2012,606864101,22,5
26/05/2012,522630187,21.9,6
27/05/2012,490724902,20.6,7
28/05/2012,531301431,20.1,1
29/05/2012,611442166,19.8,2
30/05/2012,638774768,20.1,3
31/05/2012,653488406,18.5,4
01/06/2012,636304091,18.7,5
02/06/2012,509012714,20.6,6
03/06/2012,519134494,15.4,7
04/06/2012,736038826,13,1
05/06/2012,744736336,15.1,2
06/06/2012,720056827,17.3,3
07/06/2012,663535103,18.3,4
08/06/2012,652366159,15.8,5
09/06/2012,573804526,14.8,6
10/06/2012,568914573,15.1,7
11/06/2012,716951781,15,1
12/06/2012,769555413,14,2
13/06/2012,792922401,13.5,3
14/06/2012,709261364,17.8,4
15/06/2012,635989562,18.6,5
16/06/2012,535221135,18.3,6
17/06/2012,512688864,18.9,7
18/06/2012,647221589,18.1,1
19/06/2012,665085420,17.8,2
20/06/2012,690228494,20.1,3
21/06/2012,651646550,19.4,4
22/06/2012,641949209,17.1,5
23/06/2012,522591773,17.6,6
24/06/2012,523975249,17.4,7
25/06/2012,627687321,18.2,1
26/06/2012,668413402,20,2
27/06/2012,694326748,22.3,3
28/06/2012,666572978,24.8,4
29/06/2012,600697810,21.5,5
30/06/2012,493698184,20.7,6
01/07/2012,503699926,15.6,7
02/07/2012,633418498,17.8,1
03/07/2012,647320243,20,2
04/07/2012,642633238,21.9,3
05/07/2012,649827756,19,4
06/07/2012,618827353,18.4,5
07/07/2012,497936410,19.7,6
08/07/2012,494565316,18.3,7
09/07/2012,594160328,19.4,1
10/07/2012,619783028,17.9,2
11/07/2012,636519441,17,3
12/07/2012,636767378,16.7,4
13/07/2012,597227340,17.5,5
14/07/2012,509462841,17.3,6
15/07/2012,515851323,15.5,7
16/07/2012,616979444,17.4,1
17/07/2012,603971094,19.8,2
18/07/2012,588589692,21.4,3
19/07/2012,597641849,19.1,4
20/07/2012,577251595,17.4,5
21/07/2012,483718147,17,6
22/07/2012,471469014,18.7,7
23/07/2012,560280436,20.8,1
24/07/2012,576242440,23.3,2
25/07/2012,623123561,24.6,3
26/07/2012,585770099,26,4
27/07/2012,517876557,24.3,5
28/07/2012,431621038,19.7,6
29/07/2012,428510962,17.3,7
30/07/2012,515462711,18,1
31/07/2012,521488661,19.6,2
01/08/2012,508485414,22.6,3
02/08/2012,503547708,20.7,4
03/08/2012,485760744,19.8,5
04/08/2012,414807446,19.8,6
05/08/2012,399007398,18.6,7
06/08/2012,478058027,17.6,1
07/08/2012,475998570,17.8,2
08/08/2012,475830261,19.6,3
09/08/2012,481571057,21,4
10/08/2012,468585201,21,5
11/08/2012,398423828,21.2,6
12/08/2012,380656979,20.7,7
13/08/2012,446404209,20.8,1
14/08/2012,443991629,22.7,2
15/08/2012,413182062,22.8,3
16/08/2012,487608487,20.9,4
17/08/2012,482125225,24.5,5
18/08/2012,410260581,28.1,6
19/08/2012,403626813,27.6,7
20/08/2012,522933203,24.5,1
21/08/2012,603248835,24.1,2
22/08/2012,588373826,20.5,3
23/08/2012,588270201,21.6,4
24/08/2012,566358526,20.3,5
25/08/2012,448115123,19.2,6
26/08/2012,450972087,17.6,7
27/08/2012,593402445,21.1,1
28/08/2012,637614336,20.4,2
29/08/2012,644086985,20,3
30/08/2012,663709512,16.8,4
31/08/2012,615256482,13.8,5
01/09/2012,507345831,15.3,6
02/09/2012,483792053,17.8,7
03/09/2012,649165270,18.5,1
04/09/2012,642127948,19.7,2
05/09/2012,617467082,18.2,3
06/09/2012,637047578,17.2,4
07/09/2012,599723179,18.4,5
08/09/2012,472923887,20.2,6
09/09/2012,462719663,22.6,7
10/09/2012,634990223,21.5,1
11/09/2012,657836613,17,2
12/09/2012,696890390,14.4,3
13/09/2012,733090293,14.2,4
14/09/2012,624764515,15.3,5
15/09/2012,507558703,15.6,6
16/09/2012,497931322,17.4,7
17/09/2012,656335837,17.3,1
18/09/2012,686885461,15.4,2
19/09/2012,692384571,12.7,3
20/09/2012,735130094,13.3,4
21/09/2012,703174674,15.4,5
22/09/2012,605389670,14.4,6
23/09/2012,568047671,17.4,7
24/09/2012,684921831,16.1,1
25/09/2012,764152887,15.6,2
26/09/2012,819336729,13.3,3
27/09/2012,817615459,13.1,4
28/09/2012,781918606,14,5
29/09/2012,709701873,12.7,6
30/09/2012,729819722,11.8,7
01/10/2012,877674467,14.9,1
02/10/2012,858036798,15.3,2
03/10/2012,871825780,15,3
04/10/2012,886257264,14.3,4
05/10/2012,794295026,16.4,5
06/10/2012,698995628,15.3,6
07/10/2012,730735339,13.5,7
08/10/2012,932376294,14.1,1
09/10/2012,890323037,14.5,2
10/10/2012,907122207,13.1,3
11/10/2012,896430466,15.3,4
12/10/2012,928784050,11.8,5
13/10/2012,947946059,9.5,6
14/10/2012,1031946994,9.5,7
15/10/2012,1296149636,9.1,1
16/10/2012,1286229324,11.3,2
17/10/2012,1173896715,15.2,3
18/10/2012,1020242934,16.9,4
19/10/2012,914804024,17.7,5
20/10/2012,810041032,15.8,6
21/10/2012,752743681,16.3,7
22/10/2012,892714139,17.4,1
23/10/2012,996197183,14.8,2
24/10/2012,1127425526,12.9,3
25/10/2012,1158826502,12.6,4
26/10/2012,1293575388,8.9,5
27/10/2012,1530201359,4.3,6
28/10/2012,1517455700,5.5,7
29/10/2012,1772463467,6.5,1
30/10/2012,1740716893,7,2
31/10/2012,1672150956,7.3,3
01/11/2012,1500929621,8.5,4
02/11/2012,1532987845,9.2,5
03/11/2012,1368298162,10.2,6
04/11/2012,1398520800,9.5,7
05/11/2012,1667388334,7.4,1
06/11/2012,1776029493,7.8,2
07/11/2012,1747486291,8.7,3
08/11/2012,1768306581,8.6,4
09/11/2012,1689944026,9.6,5
10/11/2012,1405191216,10.7,6
11/11/2012,1523314936,7.4,7
12/11/2012,1872891218,6.8,1
13/11/2012,1845288021,6.9,2
14/11/2012,1937181594,5.4,3
15/11/2012,1986064773,5.3,4
16/11/2012,1916189858,4.4,5
17/11/2012,1541573120,8.7,6
18/11/2012,1533396997,7.7,7
19/11/2012,1798007122,8.5,1
20/11/2012,1808247970,7,2
21/11/2012,1829829099,7.8,3
22/11/2012,1817808347,7.2,4
23/11/2012,1697511087,9.3,5
24/11/2012,1435727762,12,6
25/11/2012,1416508958,10.7,7
26/11/2012,1638107183,9.9,1
27/11/2012,1881385203,6.8,2
28/11/2012,2020115421,6.4,3
29/11/2012,2137774604,4.4,4
30/11/2012,2251941142,2.8,5
01/12/2012,2076530629,1.6,6
02/12/2012,2051096896,1.4,7
03/12/2012,2190820605,5.1,1
04/12/2012,2156928323,4.8,2
05/12/2012,2333559736,2.9,3
06/12/2012,2489759896,1.8,4
07/12/2012,2438492160,2,5
08/12/2012,2193150194,1.7,6
09/12/2012,2115359419,4.5,7
10/12/2012,2370469037,4,1
11/12/2012,2651234662,0.2,2
12/12/2012,2798105925,-0.6,3
13/12/2012,2563478900,2.5,4
14/12/2012,2060188557,8.8,5
15/12/2012,1718507622,9.6,6
16/12/2012,1694212368,8.6,7
17/12/2012,1918249401,7,1
18/12/2012,1991749310,6.1,2
19/12/2012,2037961677,4.6,3
20/12/2012,1919747990,6.9,4
21/12/2012,1759523288,7.3,5
22/12/2012,1569806344,9.2,6
23/12/2012,1370929160,11.3,7
24/12/2012,1387546760,11.3,1
25/12/2012,1390227685,10.5,2
26/12/2012,1545124024,9,3
27/12/2012,1585766262,8.7,4
28/12/2012,1561940269,8.4,5
29/12/2012,1485242905,9.6,6
30/12/2012,1546414349,7.5,7
31/12/2012,1573632953,8.7,1
01/01/2013,1606094233,6.7,2
02/01/2013,1832827534,6.1,3
03/01/2013,1775931782,7.9,4
04/01/2013,1692656985,8.3,5
05/01/2013,1599784950,7.9,6
06/01/2013,1652772681,7.2,7
07/01/2013,1946686319,6.1,1
08/01/2013,2092024244,4.3,2
09/01/2013,2118498481,3.9,3
10/01/2013,2026769789,5,4
11/01/2013,2048816712,4.1,5
12/01/2013,1915820189,2.6,6
13/01/2013,2045512388,1.6,7
14/01/2013,2474864222,-0.2,1
15/01/2013,2558404446,-0.7,2
16/01/2013,2758046916,-3.4,3
17/01/2013,2939728483,-4.6,4
18/01/2013,2820066639,-2.2,5
19/01/2013,2415838817,-0.6,6
20/01/2013,2351452508,-1,7
21/01/2013,2565063692,1.5,1
22/01/2013,2511246290,1.2,2
23/01/2013,2512850795,0.8,3
24/01/2013,2654024804,-1.6,4
25/01/2013,2710370300,-2.5,5
26/01/2013,2252056871,0.6,6
27/01/2013,2031139485,4.5,7
28/01/2013,2065665476,6.3,1
29/01/2013,1844677981,9.8,2
30/01/2013,1697410999,10.4,3
31/01/2013,1766014980,8.3,4
01/02/2013,1753619104,7.8,5
02/02/2013,1916289921,4,6
03/02/2013,1971539414,4.4,7
04/02/2013,1937399891,7.3,1
05/02/2013,2134020764,4.6,2
06/02/2013,2296463654,3.7,3
07/02/2013,2398239634,2.3,4
08/02/2013,2365121928,1.3,5
09/02/2013,2221672258,0.1,6
10/02/2013,2199526062,1.3,7
11/02/2013,2342065563,3.1,1
12/02/2013,2498732122,0.9,2
13/02/2013,2566390013,-0.6,3
14/02/2013,2423926928,1.5,4
15/02/2013,2125464077,5.5,5
16/02/2013,1960367181,4.3,6
17/02/2013,2010008315,2.9,7
18/02/2013,2261577527,2.3,1
19/02/2013,2256077304,2.9,2
20/02/2013,2288688773,1.9,3
21/02/2013,2573917917,-0.3,4
22/02/2013,2699321710,-1,5
23/02/2013,2655479675,-0.9,6
24/02/2013,2528306910,-0.6,7
25/02/2013,2685140980,0.9,1
26/02/2013,2578344449,2.9,2
27/02/2013,2516485563,2.3,3
28/02/2013,2430350966,2.1,4
01/03/2013,2391451180,2.9,5
02/03/2013,2195474363,2.5,6
03/03/2013,2058268666,3.7,7
04/03/2013,1978379289,7,1
05/03/2013,1714809319,8.9,2
06/03/2013,1609578292,9.8,3
07/03/2013,1490979980,11.2,4
08/03/2013,1471670199,10.5,5
09/03/2013,1354815874,9.1,6
10/03/2013,1549577071,6.1,7
11/03/2013,2023103656,3.1,1
12/03/2013,2393068453,0.6,2
13/03/2013,2494122540,-0.8,3
14/03/2013,2456223884,0.4,4
15/03/2013,2281366410,2.4,5
16/03/2013,1887270689,6,6
17/03/2013,1832251136,6.9,7
18/03/2013,2096856145,5.2,1
19/03/2013,1960661431,6.2,2
20/03/2013,1982642370,5.4,3
21/03/2013,1898506776,6.2,4
22/03/2013,1634420955,8.7,5
23/03/2013,1564855956,7.1,6
24/03/2013,1724894606,7.2,7
25/03/2013,2011917023,4.4,1
26/03/2013,2068627066,3.4,2
27/03/2013,2029379228,4.7,3
28/03/2013,2089951182,3.9,4
29/03/2013,1994056566,3.9,5
30/03/2013,1771442709,3.9,6
31/03/2013,1800401803,3.7,7
20/06/2013,611220577,19.1,4
21/06/2013,578961817,18.2,5
01/04/2013,1746273446,6,1
02/04/2013,1866757777,7.5,2
03/04/2013,1920285821,6.8,3
04/04/2013,1907940838,8.1,4
05/04/2013,1925105376,6.3,5
06/04/2013,1788820858,6.2,6
07/04/2013,1582006207,7.5,7
08/04/2013,1730744424,8,1
09/04/2013,1660770971,10.3,2
10/04/2013,1546886998,12.4,3
11/04/2013,1373129271,12.8,4
12/04/2013,1302121585,11.4,5
13/04/2013,1083241273,12.7,6
14/04/2013,818921671,18.8,7
15/04/2013,921198449,17.5,1
16/04/2013,920446155,16.9,2
17/04/2013,805418750,19.6,3
18/04/2013,866081543,15.1,4
19/04/2013,1049860883,9.7,5
20/04/2013,1075887568,9,6
21/04/2013,1012908529,10.7,7
22/04/2013,1106026176,11.4,1
23/04/2013,1012768714,13.5,2
24/04/2013,866285009,16.9,3
25/04/2013,767151163,19.1,4
26/04/2013,910160867,13.9,5
27/04/2013,1071724015,7.6,6
28/04/2013,1118227310,8.8,7
29/04/2013,1203627548,10.7,1
30/04/2013,1137506672,11.6,2
01/05/2013,951714427,12.6,3
02/05/2013,1012105051,14.2,4
03/05/2013,964501748,12.5,5
04/05/2013,828328165,12.9,6
05/05/2013,745450456,14.4,7
06/05/2013,813114888,15.5,1
07/05/2013,744671603,16.1,2
08/05/2013,656193126,16.6,3
09/05/2013,686903543,15.4,4
10/05/2013,804644877,12.7,5
11/05/2013,782139742,13.1,6
12/05/2013,818704169,12.3,7
13/05/2013,939417310,13.9,1
14/05/2013,940251040,15.3,2
15/05/2013,957726969,12.5,3
16/05/2013,1019215843,10.6,4
17/05/2013,996058120,12.2,5
18/05/2013,852648187,13.1,6
19/05/2013,853169996,12.1,7
20/05/2013,961182697,12.3,1
21/05/2013,1109601669,11.9,2
22/05/2013,1080939078,12.3,3
23/05/2013,1181519835,9.7,4
24/05/2013,1280366971,8.4,5
25/05/2013,1039646255,9,6
26/05/2013,947655686,10.9,7
27/05/2013,884070541,14.2,1
28/05/2013,972147320,11.9,2
29/05/2013,1013476427,11.8,3
30/05/2013,990983428,12.2,4
31/05/2013,939740497,13.4,5
01/06/2013,722874757,14.6,6
02/06/2013,698681552,13.7,7
03/06/2013,818637031,13.6,1
04/06/2013,779441439,15.1,2
05/06/2013,714810106,18.2,3
06/06/2013,660550372,20.8,4
07/06/2013,594613124,21.9,5
08/06/2013,513377900,20,6
09/06/2013,537114083,16.4,7
10/06/2013,646580044,17,1
11/06/2013,639583640,17.7,2
12/06/2013,621398899,19.4,3
13/06/2013,636344630,17.5,4
14/06/2013,610244648,17.6,5
15/06/2013,515319740,18.9,6
16/06/2013,496576774,21.1,7
17/06/2013,597284823,25.2,1
18/06/2013,614074122,26,2
19/06/2013,601614065,23.3,3
22/06/2013,503757281,18,6
23/06/2013,523484305,16.5,7
24/06/2013,645366819,14.7,1
25/06/2013,657764509,15.1,2
26/06/2013,641265530,16.2,3
27/06/2013,638012388,15.5,4
28/06/2013,628298679,15.3,5
29/06/2013,518108263,15.7,6
30/06/2013,493627522,18.5,7
01/07/2013,589029552,20.1,1
02/07/2013,598370371,22.5,2
03/07/2013,601445274,18.4,3
04/07/2013,597335777,19.6,4
05/07/2013,557632397,20.8,5
06/07/2013,461987461,23,6
07/07/2013,443061179,24.4,7
08/07/2013,544390406,24.3,1
09/07/2013,565192905,24.2,2
10/07/2013,565391681,22.5,3
11/07/2013,570706777,20.3,4
12/07/2013,547890152,21,5
13/07/2013,454914765,21.7,6
14/07/2013,434092953,23,7
15/07/2013,531675673,24.2,1
16/07/2013,565218706,24.5,2
17/07/2013,568388478,24.6,3
18/07/2013,553664753,23.8,4
19/07/2013,516111282,23.9,5
20/07/2013,433412747,24.9,6
21/07/2013,414568817,27.3,7
22/07/2013,510353310,28.3,1
23/07/2013,537045713,26.7,2
24/07/2013,550041900,23.8,3
25/07/2013,538879801,26.3,4
26/07/2013,488194833,26.9,5
27/07/2013,411398919,26.4,6
28/07/2013,406509181,23.1,7
29/07/2013,503478906,21,1
30/07/2013,512304848,21.1,2
31/07/2013,491316541,23.7,3
01/08/2013,467975946,27.9,4
02/08/2013,447516035,27.4,5
03/08/2013,390231515,23,6
04/08/2013,374100603,24,7
05/08/2013,429016101,25.6,1
06/08/2013,443244829,23.4,2
07/08/2013,449673336,19.7,3
08/08/2013,450115755,18.9,4
09/08/2013,455835330,20.1,5
10/08/2013,404995771,19.9,6
11/08/2013,385519599,20.3,7
12/08/2013,436395646,20.7,1
13/08/2013,451522711,19.3,2
14/08/2013,451834813,19.3,3
15/08/2013,413262771,21,4
16/08/2013,435939829,23.1,5
17/08/2013,401807758,23.3,6
18/08/2013,402329353,22.9,7
19/08/2013,489591798,19.8,1
20/08/2013,507679776,20,2
21/08/2013,502828785,20.7,3
22/08/2013,506420317,22.6,4
23/08/2013,495556591,24.6,5
24/08/2013,445997656,19.3,6
25/08/2013,459539419,16.8,7
26/08/2013,559258541,18.4,1
27/08/2013,610562642,17.9,2
28/08/2013,630367939,18.8,3
29/08/2013,648302630,19.4,4
30/08/2013,607861692,19.7,5
31/08/2013,474466673,19.5,6
01/09/2013,478607766,18,7
02/09/2013,596511769,18.4,1
03/09/2013,632286405,20.5,2
04/09/2013,647376821,23.5,3
05/09/2013,625990733,25,4
06/09/2013,582961847,21.6,5
07/09/2013,482419009,18.7,6
08/09/2013,492089638,17.1,7
09/09/2013,631775166,15.4,1
10/09/2013,652094366,15.3,2
11/09/2013,694127847,14.9,3
12/09/2013,709737125,14.7,4
13/09/2013,675064451,16.7,5
14/09/2013,560253062,16.7,6
15/09/2013,558794411,15.1,7
16/09/2013,715260200,13.4,1
17/09/2013,773481522,14.2,2
18/09/2013,787526370,15.4,3
19/09/2013,795800824,15.3,4
20/09/2013,742168232,15.8,5
21/09/2013,607397598,16.5,6
22/09/2013,581243190,17.9,7
23/09/2013,698923828,17.7,1
24/09/2013,767566593,18.4,2
25/09/2013,755555954,19.9,3
26/09/2013,774354719,19.7,4
27/09/2013,710929864,20.5,5
28/09/2013,579041294,20.4,6
29/09/2013,569960459,17.9,7
30/09/2013,704494866,17.1,1
01/10/2013,776584371,17.8,2
02/10/2013,753710820,18.1,3
03/10/2013,739680020,20.8,4
04/10/2013,714548608,19.1,5
05/10/2013,612447397,16.3,6
06/10/2013,623065850,14.9,7
07/10/2013,841548013,15.3,1
08/10/2013,854571663,15.2,2
09/10/2013,884283060,14.4,3
10/10/2013,1098365831,10.7,4
11/10/2013,1163766398,8.7,5
12/10/2013,1070665921,9,6
13/10/2013,1043769487,10.8,7
14/10/2013,1190671485,13.3,1
15/10/2013,1184406562,13.2,2
16/10/2013,1189922520,13.5,3
17/10/2013,1102777853,13.6,4
18/10/2013,1074532259,14.3,5
19/10/2013,866072088,17.5,6
20/10/2013,830929275,16.7,7
21/10/2013,927407368,17.3,1
22/10/2013,855043329,19.8,2
23/10/2013,891263154,16.8,3
24/10/2013,971545528,16,4
25/10/2013,868609588,18.1,5
26/10/2013,779813178,18.8,6
27/10/2013,787248632,16.7,7
28/10/2013,975559325,15.6,1
29/10/2013,1197154818,11.1,2
30/10/2013,1302595181,9.4,3
31/10/2013,1337382123,9.2,4
01/11/2013,1203199461,12,5
02/11/2013,1071253571,14.9,6
03/11/2013,1186988329,11.1,7
04/11/2013,1448114704,10.1,1
05/11/2013,1530688965,10,2
06/11/2013,1293697357,13.9,3
07/11/2013,1235411849,14.1,4
08/11/2013,1330390026,12.2,5
09/11/2013,1302921025,9.6,6
10/11/2013,1387051719,7.4,7
11/11/2013,1541470950,6.1,1
12/11/2013,1741669569,7.7,2
13/11/2013,1789816554,7.1,3
14/11/2013,1882337996,6.7,4
15/11/2013,1906433853,6,5
16/11/2013,1760936017,4.4,6
17/11/2013,1696984908,5.1,7
18/11/2013,2009128935,5.6,1
19/11/2013,2097394511,5.1,2
20/11/2013,2226036529,3,3
21/11/2013,2269811678,2.7,4
22/11/2013,2229929822,2.5,5
23/11/2013,1921263905,4.6,6
24/11/2013,1804486609,5.8,7
25/11/2013,2161080989,3.6,1
26/11/2013,2237839462,3.4,2
27/11/2013,2302878971,2,3
28/11/2013,2305882304,2.6,4
29/11/2013,2085800842,5.1,5
30/11/2013,1849473648,5.1,6
01/12/2013,1852036821,4.3,7
02/12/2013,2176975758,4.2,1
03/12/2013,2372513402,1.9,2
04/12/2013,2251064213,4.2,3
05/12/2013,2160364703,5.5,4
06/12/2013,2135019030,4.3,5
07/12/2013,1940845306,4.7,6
08/12/2013,1958212821,3.9,7
09/12/2013,2329087020,3.7,1
10/12/2013,2403336491,0,2
11/12/2013,2428997577,1,3
12/12/2013,2430345945,1.1,4
13/12/2013,2296007604,1.5,5
14/12/2013,1937795154,3.6,6
15/12/2013,1849335868,4.5,7
16/12/2013,2032766346,6.4,1
17/12/2013,1975154577,7.4,2
18/12/2013,1828301444,8.8,3
19/12/2013,1837029259,8.1,4
20/12/2013,1867016122,5.4,5
21/12/2013,1687525571,7.2,6
22/12/2013,1494330018,9.5,7
23/12/2013,1500732890,9.8,1
24/12/2013,1379495973,12,2
25/12/2013,1417203421,9,3
26/12/2013,1630861591,5.9,4
27/12/2013,1533705888,9,5
28/12/2013,1529863316,7.9,6
29/12/2013,1634574639,4.9,7
30/12/2013,1785719903,4.3,1
31/12/2013,1684928981,6.3,2
01/01/2014,1521131765,9.2,3
02/01/2014,1562836942,10.2,4
03/01/2014,1550190537,10.4,5
04/01/2014,1526424743,9.6,6
05/01/2014,1609650891,7,7
06/01/2014,1604195925,10.6,1
07/01/2014,1530946931,11.2,2
08/01/2014,1493738366,11.3,3
09/01/2014,1581350796,9.9,4
10/01/2014,1702139587,7.3,5
11/01/2014,1598467897,7.8,6
12/01/2014,1670939416,6.9,7
13/01/2014,1782455999,6.7,1
14/01/2014,1929710177,5,2
15/01/2014,1883616517,6.1,3
16/01/2014,1761539974,8.2,4
17/01/2014,1717878795,7.6,5
18/01/2014,1592866799,8.3,6
19/01/2014,1632447770,7.2,7
20/01/2014,1973179760,6,1
21/01/2014,2079326639,4,2
22/01/2014,2093651401,3.9,3
23/01/2014,1982510054,6.4,4
24/01/2014,1964712018,4.1,5
25/01/2014,1754117874,4.7,6
26/01/2014,1709079347,6.7,7
27/01/2014,2010137698,4.6,1
28/01/2014,2036445336,5.6,2
29/01/2014,2081379475,5.3,3
30/01/2014,2066819560,5.4,4
31/01/2014,1987362388,5.2,5
01/02/2014,1769102395,6.2,6
02/02/2014,1787568250,4.7,7
03/02/2014,1981760569,6,1
04/02/2014,1917692913,7.4,2
05/02/2014,1937077097,7.2,3
06/02/2014,1803303637,9.5,4
07/02/2014,1716434590,7.9,5
08/02/2014,1679073372,7.4,6
09/02/2014,1707466006,7.5,7
10/02/2014,1915694747,7,1
11/02/2014,1971413864,6.1,2
12/02/2014,1913666345,7.6,3
13/02/2014,1907354753,6.6,4
14/02/2014,1769557653,9.9,5
15/02/2014,1526453043,9.4,6
16/02/2014,1568384047,6.8,7
17/02/2014,1740476047,6.8,1
18/02/2014,1734055063,7.4,2
19/02/2014,1635139134,9.4,3
20/02/2014,1598015250,9.8,4
21/02/2014,1655772641,7,5
22/02/2014,1541702592,7.3,6
23/02/2014,1454051615,9.1,7
24/02/2014,1522495793,10.6,1
25/02/2014,1614254824,9.5,2
26/02/2014,1725003768,6.7,3
27/02/2014,1798340994,6.1,4
28/02/2014,1784327252,6,5
01/03/2014,1660426743,5.8,6
02/03/2014,1611874463,6.9,7
03/03/2014,1827469272,7,1
04/03/2014,1780096256,7.2,2
05/03/2014,1681202103,8.7,3
06/03/2014,1589700108,8.3,4
07/03/2014,1502975004,9.3,5
08/03/2014,1265162098,10.3,6
09/03/2014,1185113923,11.9,7
10/03/2014,1299381153,11.7,1
11/03/2014,1360356498,10,2
12/03/2014,1339761799,11.4,3
13/03/2014,1306866009,12,4
14/03/2014,1257407055,11.6,5
15/03/2014,1205708649,10.9,6
16/03/2014,1127657466,nan,7
17/03/2014,1302846203,nan,1
18/03/2014,1308447510,12.6,2
19/03/2014,1265045014,11.4,3
20/03/2014,1136313046,14.5,4
21/03/2014,1194779985,12.6,5
22/03/2014,1280930392,8.8,6
23/03/2014,1432417819,6.3,7
24/03/2014,1646992605,6.7,1
25/03/2014,1661627714,6.2,2
26/03/2014,1681323028,6.7,3
27/03/2014,1651519654,nan,4
28/03/2014,1363814704,nan,5
29/03/2014,1022336446,nan,6
30/03/2014,999522713,nan,7
31/03/2014,1043701946,nan,1
01/04/2014,935585205,nan,2
02/04/2014,898869519,nan,3
03/04/2014,930727943,nan,4
04/04/2014,965689477,nan,5
05/04/2014,832576249,nan,6
06/04/2014,768275677,nan,7
07/04/2014,844925549,16.8,1
08/04/2014,1040750274,11.7,2
09/04/2014,1055712339,12.2,3
10/04/2014,982997174,13.5,4
11/04/2014,925098013,14.5,5
12/04/2014,798703872,15,6
13/04/2014,828272668,13.5,7
14/04/2014,980393081,12.6,1
15/04/2014,1104278845,10.5,2
16/04/2014,1073659247,11,3
17/04/2014,951038648,13.4,4
18/04/2014,985036770,10.7,5
19/04/2014,973390391,9.5,6
20/04/2014,853558054,11.6,7
21/04/2014,852373459,12.7,1
22/04/2014,904096068,14.1,2
23/04/2014,850372016,15,3
24/04/2014,810873806,16.6,4
25/04/2014,839125601,13.7,5
26/04/2014,832439460,11.5,6
27/04/2014,865598266,11.7,7
28/04/2014,992653719,12.1,1
29/04/2014,977657612,12.5,2
30/04/2014,865054991,13.2,3
01/05/2014,763507309,12.7,4
02/05/2014,875418082,12.4,5
03/05/2014,888996057,10.5,6
04/05/2014,830743458,11.8,7
05/05/2014,807542219,17.1,1
06/05/2014,788967073,16.1,2
07/05/2014,804197206,14.1,3
08/05/2014,747161518,15.2,4
09/05/2014,719075089,16.8,5
10/05/2014,710915636,15.8,6
11/05/2014,783891905,12.8,7
12/05/2014,958321813,11.4,1
13/05/2014,993281958,11.3,2
14/05/2014,934968014,12.6,3
15/05/2014,925632150,12.6,4
16/05/2014,821543403,15,5
17/05/2014,630682494,16.6,6
18/05/2014,572808311,18.8,7
19/05/2014,647305353,19.6,1
20/05/2014,687010217,17.5,2
21/05/2014,708554751,18.3,3
22/05/2014,696854473,15.6,4
23/05/2014,705224269,15,5
24/05/2014,627641524,14.3,6
25/05/2014,598950454,16.9,7
26/05/2014,707251215,15,1
27/05/2014,761779188,13.6,2
28/05/2014,742586496,14.6,3
29/05/2014,610109263,16.7,4
30/05/2014,625345061,17.8,5
31/05/2014,562307966,16.9,6
01/06/2014,557645266,17,7
02/06/2014,643578422,17,1
03/06/2014,656952800,18.2,2
04/06/2014,703745182,14.4,3
05/06/2014,671033803,16.7,4
06/06/2014,592075363,22.6,5
07/06/2014,487591279,23.5,6
08/06/2014,454957534,24.2,7
09/06/2014,480599601,25.2,1
10/06/2014,603010967,nan,2
11/06/2014,613267495,nan,3
12/06/2014,603607567,nan,4
13/06/2014,561529930,nan,5
14/06/2014,489805828,nan,6
15/06/2014,490686405,18.1,7
16/06/2014,583601283,nan,1
17/06/2014,613598534,nan,2
18/06/2014,611207316,nan,3
19/06/2014,590308730,19.3,4
20/06/2014,566434458,nan,5
21/06/2014,477188251,nan,6
22/06/2014,461049631,nan,7
23/06/2014,575062168,nan,1
24/06/2014,599477749,nan,2
25/06/2014,600482371,nan,3
26/06/2014,614485705,nan,4
27/06/2014,581583686,nan,5
28/06/2014,484283616,nan,6
29/06/2014,494805909,nan,7
30/06/2014,597905816,nan,1
01/07/2014,590118044,20.2,2
02/07/2014,597501426,nan,3
03/07/2014,573176369,nan,4
04/07/2014,556178528,nan,5
05/07/2014,474626396,nan,6
06/07/2014,469702472,19.5,7
07/07/2014,580633011,nan,1
08/07/2014,610396785,nan,2
09/07/2014,636170320,nan,3
10/07/2014,637698341,nan,4
11/07/2014,605459281,nan,5
12/07/2014,497464369,nan,6
13/07/2014,470459971,nan,7
14/07/2014,484039670,18.9,1
15/07/2014,571717448,21.1,2
16/07/2014,573626373,23.8,3
17/07/2014,561222603,26.5,4
18/07/2014,535141832,28.3,5
19/07/2014,439755910,26.2,6
20/07/2014,442396968,19.2,7
21/07/2014,551248882,19.7,1
22/07/2014,562846514,19.7,2
23/07/2014,547339100,23.4,3
24/07/2014,529794276,24.3,4
25/07/2014,508819096,23.1,5
26/07/2014,419354751,20.8,6
27/07/2014,396975486,22.8,7
28/07/2014,487103109,19.1,1
29/07/2014,503670130,17.8,2
30/07/2014,512339261,20,3
31/07/2014,494888784,21.9,4
01/08/2014,459435069,22.9,5
02/08/2014,403703271,19.8,6
03/08/2014,388473023,20.1,7
04/08/2014,444730086,19.5,1
05/08/2014,452375430,21.2,2
06/08/2014,461482230,20.2,3
07/08/2014,458483071,21.1,4
08/08/2014,451776465,20.7,5
09/08/2014,398821065,21.2,6
10/08/2014,396297851,22.3,7
11/08/2014,458603519,17.4,1
12/08/2014,468217225,18.2,2
13/08/2014,476195189,17.1,3
14/08/2014,480633237,17.2,4
15/08/2014,440850740,16.6,5
16/08/2014,426069970,17.6,6
17/08/2014,425641083,18.1,7
18/08/2014,496821142,18.3,1
19/08/2014,520948707,17.3,2
20/08/2014,528740677,16.3,3
21/08/2014,533380486,16.5,4
22/08/2014,521378948,18.2,5
23/08/2014,468738984,16.8,6
24/08/2014,465855192,16.9,7
25/08/2014,603817396,17.7,1
26/08/2014,614366801,19,2
27/08/2014,613873736,18.6,3
28/08/2014,589997170,20.4,4
29/08/2014,562453870,19.6,5
30/08/2014,473975457,19.1,6
31/08/2014,472371711,17.8,7
01/09/2014,585707193,17.8,1
02/09/2014,586214143,18.6,2
03/09/2014,582778822,18.3,3
04/09/2014,579763720,19.9,4
05/09/2014,552699638,20.8,5
06/09/2014,470750509,20.6,6
07/09/2014,475061648,21.6,7
08/09/2014,597867572,22.1,1
09/09/2014,616418823,19.4,2
10/09/2014,629935186,18.5,3
11/09/2014,641374665,17,4
12/09/2014,624884699,17.6,5
13/09/2014,527528678,18.5,6
14/09/2014,526368664,18.2,7
15/09/2014,647283193,19.9,1
16/09/2014,654395308,21.4,2
17/09/2014,640403668,22.1,3
18/09/2014,635407964,21.6,4
19/09/2014,631658340,19.6,5
20/09/2014,533021987,20.4,6
21/09/2014,545439057,17.9,7
22/09/2014,689298257,14.8,1
23/09/2014,724093601,14,2
24/09/2014,759326452,13.8,3
25/09/2014,777552107,14.2,4
26/09/2014,711681339,15.5,5
27/09/2014,593671578,17.8,6
28/09/2014,572204436,19.5,7
29/09/2014,714656326,18.3,1
30/09/2014,734951308,18.5,2
01/10/2014,741314806,18.7,3
02/10/2014,742646622,17.3,4
03/10/2014,714894783,17.3,5
04/10/2014,601818543,17,6
05/10/2014,637286942,13.2,7
06/10/2014,848758368,14.7,1
07/10/2014,856863126,16.3,2
08/10/2014,811969387,18.7,3
09/10/2014,823554110,17.9,4
10/10/2014,815269810,14.9,5
11/10/2014,685472719,14.9,6
12/10/2014,705756655,15.6,7
13/10/2014,859117619,14.2,1
14/10/2014,905696202,15.1,2
15/10/2014,897257190,16,3
16/10/2014,876466754,17.4,4
17/10/2014,806388050,16.8,5
18/10/2014,663810785,19,6
19/10/2014,624544444,18.7,7
20/10/2014,837597938,16.6,1
21/10/2014,941990534,14.6,2
22/10/2014,1179059750,10.2,3
23/10/2014,1196494625,11.1,4
24/10/2014,1061610751,11.7,5
25/10/2014,921102523,13.7,6
26/10/2014,869277579,12.8,7
27/10/2014,1081149866,11.9,1
28/10/2014,1198849444,11.4,2
29/10/2014,1182940389,12.4,3
30/10/2014,1123390070,12.6,4
31/10/2014,1009671449,13.7,5
01/11/2014,918268301,14,6
02/11/2014,926302279,15.2,7
03/11/2014,1238656395,13.5,1
04/11/2014,1447855098,9.5,2
05/11/2014,1600033289,7.6,3
06/11/2014,1636254423,7.4,4
07/11/2014,1453644709,8.7,5
08/11/2014,1245386379,9.2,6
09/11/2014,1238506928,9.5,7
10/11/2014,1403242095,9.3,1
11/11/2014,1242728802,12.5,2
12/11/2014,1436512389,10.7,3
13/11/2014,1465468193,9.8,4
14/11/2014,1376262730,10.9,5
15/11/2014,1228013739,10.1,6
16/11/2014,1268685866,9.9,7
17/11/2014,1605179616,8.8,1
18/11/2014,1638944865,8.5,2
19/11/2014,1707274080,7.3,3
20/11/2014,1703455734,8.5,4
21/11/2014,1549268640,10.8,5
22/11/2014,1233451277,12.7,6
23/11/2014,1166882784,14.6,7
24/11/2014,1460460788,11.3,1
25/11/2014,1542180975,10.7,2
26/11/2014,1437597415,11.7,3
27/11/2014,1409019714,12.3,4
28/11/2014,1353925559,11.4,5
29/11/2014,1370025285,6.4,6
30/11/2014,1491554205,5.8,7
01/12/2014,1926673428,3.8,1
02/12/2014,2066839561,4,2
03/12/2014,2188963773,3.6,3
04/12/2014,2158396869,5,4
05/12/2014,2060609407,5.5,5
06/12/2014,1878488756,5.3,6
07/12/2014,1840881907,5,7
08/12/2014,2151020639,5,1
09/12/2014,2224433066,3.7,2
10/12/2014,2083882253,6.3,3
11/12/2014,1933428615,nan,4
12/12/2014,1796941234,nan,5
13/12/2014,1694357278,nan,6
14/12/2014,1773455095,nan,7
15/12/2014,1950892898,nan,1
16/12/2014,1878442576,nan,2
17/12/2014,1767048286,nan,3
18/12/2014,1481077526,nan,4
19/12/2014,1476567886,nan,5
20/12/2014,1487177907,nan,6
21/12/2014,1523658134,nan,7
22/12/2014,1610810063,nan,1
23/12/2014,1594244793,nan,2
24/12/2014,1471640842,nan,3
25/12/2014,1509068210,5.7,4
26/12/2014,1716610793,4.1,5
27/12/2014,1783974597,3.9,6
28/12/2014,2102793066,-0.6,7
29/12/2014,2274097512,0.8,1
30/12/2014,2181897736,3.2,2
31/12/2014,2083602748,2.7,3
01/01/2015,1975021070,1.1,4
02/01/2015,1910501941,3.9,5
03/01/2015,1642922250,7.7,6
04/01/2015,1719980916,4.7,7
05/01/2015,2249142823,0.2,1
06/01/2015,2302464822,1,2
07/01/2015,2178045046,3.6,3
08/01/2015,1897501519,7.9,4
09/01/2015,1589732185,10,5
10/01/2015,1364531632,11.2,6
11/01/2015,1619066801,5.8,7
12/01/2015,1816723316,5,1
13/01/2015,1740343648,9.4,2
14/01/2015,1795430733,8.6,3
15/01/2015,1711955701,10.6,4
16/01/2015,1848355245,6.6,5
17/01/2015,1819330599,3.4,6
18/01/2015,1909104022,3.1,7
19/01/2015,2304119073,3.1,1
20/01/2015,2408821575,1.9,2
21/01/2015,2420337908,1.7,3
22/01/2015,2490640810,1.9,4
23/01/2015,2456492424,1.3,5
24/01/2015,2150601592,3,6
25/01/2015,2044004798,3.9,7
26/01/2015,2187493382,4.9,1
27/01/2015,2190927762,5,2
28/01/2015,2167227216,5.5,3
29/01/2015,2198220225,5,4
30/01/2015,2209630184,3.4,5
31/01/2015,1976514211,3.2,6
01/02/2015,2029239424,3.5,7
02/02/2015,2419068359,2.1,1
03/02/2015,2511597260,1.1,2
04/02/2015,2548066971,1.5,3
05/02/2015,2629658026,0.3,4
06/02/2015,2676415915,0.4,5
07/02/2015,2355619723,1.6,6
08/02/2015,2146328965,3.4,7
09/02/2015,2391972882,3.3,1
10/02/2015,2326704860,2.5,2
11/02/2015,2272717473,3.4,3
12/02/2015,2217861988,4.8,4
13/02/2015,1886182395,8.2,5
14/02/2015,1674509107,7.5,6
15/02/2015,1723549399,6.8,7
16/02/2015,2046590980,5.1,1
17/02/2015,2089596986,5,2
18/02/2015,2193618644,3.6,3
19/02/2015,2132628863,4.9,4
20/02/2015,1934941631,7.4,5
21/02/2015,1895052942,3.3,6
22/02/2015,1823081493,4,7
23/02/2015,1994203389,5.6,1
24/02/2015,2033886681,5.4,2
25/02/2015,1957707868,6.3,3
26/02/2015,1823198684,7.2,4
27/02/2015,1919144280,5.2,5
28/02/2015,1681630410,5.9,6
01/03/2015,1487167245,9.5,7
02/03/2015,1720799783,8.9,1
03/03/2015,1818248165,7.6,2
04/03/2015,1939391458,4.7,3
05/03/2015,1957871735,4.8,4
06/03/2015,1834218621,5.4,5
07/03/2015,1529175664,6.1,6
08/03/2015,1399108136,8.7,7
09/03/2015,1577973062,9.5,1
10/03/2015,1551742977,10.5,2
11/03/2015,1529170978,10.3,3
12/03/2015,1532740991,8.2,4
13/03/2015,1573018747,8.3,5
14/03/2015,1524416921,7.2,6
15/03/2015,1597880907,6.9,7
16/03/2015,1740651781,8.9,1
17/03/2015,1506823253,11.6,2
18/03/2015,1427361414,11.1,3
19/03/2015,1547258144,9.2,4
20/03/2015,1547237428,9,5
21/03/2015,1503174223,7.9,6
22/03/2015,1568432543,6.5,7
23/03/2015,1685917862,9.1,1
24/03/2015,1754568303,9,2
25/03/2015,1885427321,5.9,3
26/03/2015,1867790869,7.7,4
27/03/2015,1640680316,8.7,5
28/03/2015,1234849704,10.5,6
29/03/2015,1273244904,11.8,7
30/03/2015,1367862036,12.6,1
31/03/2015,1346298266,12.3,2
01/04/2015,1489065132,8.3,3
02/04/2015,1532428602,8.9,4
03/04/2015,1397545010,10.3,5
04/04/2015,1326252988,8.2,6
05/04/2015,1360055917,7.3,7
06/04/2015,1361998135,8.9,1
07/04/2015,1468477461,10,2
08/04/2015,1353075877,11.6,3
09/04/2015,1195470556,15.2,4
10/04/2015,993727670,15.5,5
11/04/2015,946523795,12.7,6
12/04/2015,892882539,14.8,7
13/04/2015,1008387649,16.3,1
14/04/2015,864893185,17.5,2
15/04/2015,821955014,19.3,3
16/04/2015,813934338,17.8,4
17/04/2015,862792919,14.2,5
18/04/2015,820142272,12.7,6
19/04/2015,853461159,11.8,7
20/04/2015,921443374,15.3,1
21/04/2015,855661993,15.8,2
22/04/2015,832610706,16.3,3
23/04/2015,820276092,16.6,4
24/04/2015,764482572,17.2,5
25/04/2015,696593382,14.9,6
26/04/2015,725051096,14.7,7
27/04/2015,963549329,11.7,1
28/04/2015,1072055439,10,2
29/04/2015,1035252026,11.4,3
30/04/2015,1024880729,12.7,4
01/05/2015,924751781,12,5
02/05/2015,842299094,14.7,6
03/05/2015,752645898,17.3,7
04/05/2015,779216544,18.6,1
05/05/2015,782080629,16.6,2
06/05/2015,854502152,14.3,3
07/05/2015,819293420,14.1,4
08/05/2015,694504371,15.5,5
09/05/2015,644203087,16.6,6
10/05/2015,609110408,17.8,7
11/05/2015,661380769,21,1
12/05/2015,674647239,19.2,2
13/05/2015,651446689,19.8,3
14/05/2015,628301697,14.5,4
15/05/2015,730395122,11.9,5
16/05/2015,677972705,14.7,6
17/05/2015,636834205,15.8,7
18/05/2015,735943465,16.8,1
19/05/2015,818765968,12.4,2
20/05/2015,861629270,11.1,3
21/05/2015,809865560,13.8,4
22/05/2015,733614283,15.8,5
23/05/2015,603414374,17.1,6
24/05/2015,554056633,18.3,7
25/05/2015,598359508,16.6,1
26/05/2015,715773317,14.4,2
27/05/2015,707355295,16.1,3
28/05/2015,690588019,17,4
29/05/2015,689948875,17.8,5
30/05/2015,581975563,17.2,6
31/05/2015,585066956,17.6,7
01/06/2015,690169077,17.2,1
02/06/2015,664354124,20.9,2
03/06/2015,635853871,20.7,3
04/06/2015,607071108,23.6,4
05/06/2015,586164591,25.3,5
06/06/2015,487596692,21.5,6
07/06/2015,483464194,19.8,7
08/06/2015,593488525,18.9,1
09/06/2015,620756139,17.4,2
10/06/2015,607587074,20.3,3
11/06/2015,582513651,24.7,4
12/06/2015,561226099,20.5,5
13/06/2015,482924504,20.5,6
14/06/2015,480136289,19.2,7
15/06/2015,585507494,18.8,1
16/06/2015,603855024,18.3,2
17/06/2015,612790002,19.8,3
18/06/2015,619077194,19.1,4
19/06/2015,582151746,18.4,5
20/06/2015,500995031,18.7,6
21/06/2015,494174837,19.5,7
22/06/2015,614657987,18.8,1
23/06/2015,622454610,16.7,2
24/06/2015,609135732,19.7,3
25/06/2015,586529810,22.6,4
26/06/2015,549245868,24.5,5
27/06/2015,467043217,22.4,6
28/06/2015,455566348,23.8,7
29/06/2015,553564409,24.4,1
30/06/2015,556310207,27.9,2
01/07/2015,582897242,30,3
02/07/2015,597455887,26.9,4
03/07/2015,565479223,28.7,5
04/07/2015,435161374,28,6
05/07/2015,433921016,24.5,7
06/07/2015,604522126,26,1
07/07/2015,587058160,26.1,2
08/07/2015,565780423,19.5,3
09/07/2015,572459056,20.1,4
10/07/2015,533946179,24.3,5
11/07/2015,445580518,24.7,6
12/07/2015,431555275,23.2,7
13/07/2015,488630469,23.8,1
14/07/2015,469541692,23.9,2
15/07/2015,620156861,25.7,3
16/07/2015,607307742,29.1,4
17/07/2015,537457357,26.8,5
18/07/2015,448324225,23.1,6
19/07/2015,431598760,25,7
20/07/2015,585864402,25.6,1
21/07/2015,588281847,27.1,2
22/07/2015,599085618,24.3,3
23/07/2015,603708953,23,4
24/07/2015,538114767,24.7,5
25/07/2015,442803701,19.4,6
26/07/2015,440602750,18.6,7
27/07/2015,524284810,21,1
28/07/2015,552648485,18.7,2
29/07/2015,546827682,17.5,3
30/07/2015,545310997,18,4
31/07/2015,504575116,19.6,5
01/08/2015,422808372,19.8,6
02/08/2015,396949320,23.6,7
03/08/2015,442576318,27.7,1
04/08/2015,457462753,22.1,2
05/08/2015,447622138,27,3
06/08/2015,438672143,27.1,4
07/08/2015,430289500,25.9,5
08/08/2015,378101224,22.6,6
09/08/2015,379233696,21.4,7
10/08/2015,433856835,21.8,1
11/08/2015,428203029,23.7,2
12/08/2015,420117480,27.2,3
13/08/2015,424057725,23.1,4
14/08/2015,425130234,21.3,5
15/08/2015,388786665,18.1,6
16/08/2015,391417076,18.5,7
17/08/2015,458814825,18.4,1
18/08/2015,474109962,18.9,2
19/08/2015,478290025,20.1,3
20/08/2015,474627790,20.2,4
21/08/2015,459014136,23,5
22/08/2015,399667726,24.6,6
23/08/2015,405297812,20,7
24/08/2015,517047093,17.8,1
25/08/2015,544923313,17.6,2
26/08/2015,542415994,22.9,3
27/08/2015,550362268,20.3,4
28/08/2015,564483584,22.6,5
29/08/2015,438292094,25.6,6
30/08/2015,423532471,26.9,7
31/08/2015,570638085,24.6,1
01/09/2015,603846224,18.4,2
02/09/2015,640995695,17.4,3
03/09/2015,650153908,16.8,4
04/09/2015,578838180,16.2,5
05/09/2015,486928302,15.2,6
06/09/2015,500359805,14.7,7
07/09/2015,652510865,15.7,1
08/09/2015,638946736,15.9,2
09/09/2015,626537609,18.3,3
10/09/2015,623768600,18.9,4
11/09/2015,595192702,19.9,5
12/09/2015,509272970,17.3,6
13/09/2015,514269647,17.7,7
14/09/2015,649778639,16.1,1
15/09/2015,683949389,17,2
16/09/2015,670338237,20.2,3
17/09/2015,698682320,15.4,4
18/09/2015,693151753,15.3,5
19/09/2015,560044183,15.5,6
20/09/2015,557930947,14.2,7
21/09/2015,783246269,14.8,1
22/09/2015,852418404,14.3,2
23/09/2015,905642153,13.3,3
24/09/2015,903804565,14.3,4
25/09/2015,854080426,15.2,5
26/09/2015,693653760,14.3,6
27/09/2015,655209705,14.7,7
28/09/2015,883536244,13.7,1
29/09/2015,923595897,13.5,2
30/09/2015,938114268,nan,3
01/10/2015,1013190941,nan,4
02/10/2015,979631491,nan,5
03/10/2015,787234823,nan,6
04/10/2015,762590385,nan,7
05/10/2015,921483334,nan,1
06/10/2015,898854385,nan,2
07/10/2015,1008836072,nan,3
08/10/2015,1062769947,nan,4
09/10/2015,1065979323,nan,5
10/10/2015,858126272,nan,6
11/10/2015,879922932,nan,7
12/10/2015,1223908396,11.2,1
13/10/2015,1403071978,nan,2
14/10/2015,1578500688,nan,3
15/10/2015,1699778735,nan,4
16/10/2015,1641083004,nan,5
17/10/2015,1348062832,nan,6
18/10/2015,1257550076,nan,7
19/10/2015,1516493956,nan,1
20/10/2015,1505562801,nan,2
21/10/2015,1492377590,nan,3
22/10/2015,1400319847,nan,4
23/10/2015,1312239880,nan,5
24/10/2015,1060118182,nan,6
25/10/2015,1036965983,nan,7
26/10/2015,1278489865,nan,1
27/10/2015,1207993572,nan,2
28/10/2015,1298376109,nan,3
29/10/2015,1351293851,nan,4
30/10/2015,1304118877,nan,5
31/10/2015,1078609747,nan,6
01/11/2015,1112175380,nan,7
02/11/2015,1507967312,nan,1
03/11/2015,1445604304,nan,2
04/11/2015,1375470538,nan,3
05/11/2015,1299410024,nan,4
06/11/2015,1170778678,nan,5
07/11/2015,868051036,nan,6
08/11/2015,873752452,nan,7
09/11/2015,1144317244,nan,1
10/11/2015,1266587848,nan,2
11/11/2015,1171205145,nan,3
12/11/2015,1367334076,nan,4
13/11/2015,1383946963,nan,5
14/11/2015,1323470738,nan,6
15/11/2015,1129625760,nan,7
16/11/2015,1370743595,nan,1
17/11/2015,1327986837,nan,2
18/11/2015,1300374670,nan,3
19/11/2015,1302531926,nan,4
20/11/2015,1416612622,nan,5
21/11/2015,1601006233,nan,6
22/11/2015,1800673134,nan,7
23/11/2015,2196526417,nan,1
24/11/2015,2214552045,nan,2
25/11/2015,2014038865,nan,3
26/11/2015,2053380019,nan,4
27/11/2015,2068307938,nan,5
28/11/2015,1775671831,nan,6
29/11/2015,1504137734,nan,7
30/11/2015,1669971731,nan,1
01/12/2015,1668849446,nan,2
02/12/2015,1743141319,nan,3
03/12/2015,1808744295,nan,4
04/12/2015,1755335167,nan,5
05/12/2015,1616454406,nan,6
06/12/2015,1449787482,nan,7
07/12/2015,1665307641,nan,1
08/12/2015,1740352125,nan,2
09/12/2015,1919615241,nan,3
10/12/2015,2104933578,nan,4
11/12/2015,1907992382,nan,5
12/12/2015,1573669145,nan,6
13/12/2015,1659964048,nan,7
14/12/2015,1936152320,nan,1
15/12/2015,1757510677,nan,2
16/12/2015,1570150195,nan,3
17/12/2015,1443898222,nan,4
18/12/2015,1416534384,nan,5
19/12/2015,1227341853,nan,6
20/12/2015,1218056723,nan,7
21/12/2015,1420482618,nan,1
22/12/2015,1341546005,nan,2
23/12/2015,1386815850,nan,3
24/12/2015,1208136133,nan,4
25/12/2015,1145872525,nan,5
26/12/2015,1218043370,nan,6
27/12/2015,1301648929,nan,7
28/12/2015,1468703085,nan,1
29/12/2015,1520235049,nan,2
30/12/2015,1453794046,nan,3
31/12/2015,1399307106,nan,4
