7005,20090301,7.34286
7005,20090202,-0.52500
7005,20090302,6.02500
7005,20090203,-1.46250
7005,20090303,6.28750
7005,20090204,-1.76250
7005,20090304,4.67500
7005,20090205,4.28750
7005,20090305,3.01250
7005,20090206,5.37500
7005,20090306,3.83750
7005,20090207,1.73750
7005,20090307,6.13750
7005,20090208,2.35000
7005,20090308,8.06250
7005,20090209,4.38750
7005,20090309,6.76250
7005,20090210,5.40000
7005,20090310,7.78750
7005,20090211,2.71250
7005,20090311,6.28750
7005,20090212,2.16250
7005,20090312,8.87500
7005,20090213,1.80000
7005,20090313,8.33750
7005,20090214,1.43750
7005,20090314,8.05000
7005,20090215,1.68750
7005,20090315,7.20000
7005,20090216,6.28750
7005,20090316,7.48750
7005,20090217,6.87500
7005,20090317,8.83750
7005,20090218,5.13750
7005,20090318,8.76250
7005,20090219,1.98750
7005,20090319,7.45000
7005,20090220,6.06250
7005,20090320,6.52500
7005,20090221,6.33750
7005,20090321,5.11250
7005,20090222,6.86250
7005,20090322,6.23750
7005,20090223,6.47500
7005,20090323,7.43750
7005,20090224,6.18750
7005,20090324,5.66250
7005,20090225,4.73750
7005,20090325,7.85000
7005,20090226,7.02500
7005,20090326,8.32500
7005,20090227,7.47500
7005,20090327,7.48750
7005,20090228,4.30000
7005,20090328,5.58750
7015,20090201,-1.10000
7015,20090301,7.40000
7015,20090202,0.65000
7015,20090302,6.78750
7015,20090203,0.42500
7015,20090303,6.01250
7015,20090204,-1.36250
7015,20090304,4.82500
7015,20090205,4.23750
7015,20090305,3.27500
7015,20090206,4.98750
7015,20090306,4.51250
7015,20090207,2.97500
7015,20090307,5.38750
7015,20090208,2.60000
7015,20090308,8.31250
7015,20090209,3.52500
7015,20090309,5.97500
7015,20090210,5.77500
7015,20090310,7.20000
7015,20090211,2.55000
7015,20090311,6.37500
7015,20090212,1.58750
7015,20090312,8.68750
7015,20090213,1.61250
7015,20090313,8.97500
7015,20090214,0.98750
7015,20090314,9.15000
7015,20090215,1.30000
7015,20090315,8.27500
7015,20090216,6.48750
7015,20090316,7.95000
7015,20090217,6.67500
7015,20090317,9.08750
7015,20090218,2.56250
7015,20090318,8.86250
7015,20090219,1.67500
7015,20090319,8.11250
7015,20090220,5.60000
7015,20090320,6.78750
7015,20090221,5.96250
7015,20090321,5.80000
7015,20090222,6.73750
7015,20090322,7.68750
7015,20090223,6.30000
7015,20090323,7.93750
7015,20090224,4.92500
7015,20090324,5.57500
7015,20090225,4.07500
7015,20090325,6.81250
7015,20090226,7.30000
7015,20090326,7.96250
7015,20090227,7.26250
7015,20090327,7.28750
7015,20090228,5.10000
7015,20090328,6.25000
7020,20090201,2.68571
7020,20090301,8.10000
7020,20090202,1.25000
7020,20090302,8.40000
7020,20090203,3.13750
7020,20090303,8.56250
7020,20090204,3.57143
7020,20090304,6.02500
7020,20090205,7.15000
7020,20090305,5.13750
7020,20090206,5.90000
7020,20090306,7.66250
7020,20090207,5.18750
7020,20090307,8.90000
7020,20090208,5.75000
7020,20090308,8.85000
7020,20090209,8.11250
7020,20090309,8.48750
7020,20090210,7.17500
7020,20090310,9.56250
7020,20090211,7.51250
7020,20090311,8.42500
7020,20090212,5.75000
7020,20090312,9.31250
7020,20090213,7.45000
7020,20090313,10.61250
7020,20090214,5.16250
7020,20090314,9.65714
7020,20090215,5.45000
7020,20090315,8.60000
7020,20090216,8.27500
7020,20090316,7.40000
7020,20090217,8.66667
7020,20090317,8.45714
7020,20090218,8.37500
7020,20090318,8.57500
7020,20090219,6.77500
7020,20090319,8.18750
7020,20090220,7.38750
7020,20090320,8.03750
7020,20090221,7.58750
7020,20090321,7.40000
7020,20090222,8.63750
7020,20090322,8.90000
7020,20090223,8.51250
7020,20090323,9.46250
7020,20090224,8.51429
7020,20090324,8.41250
7020,20090225,8.65000
7020,20090325,9.58750
7020,20090226,8.60000
7020,20090326,9.31250
7020,20090227,9.12500
7020,20090327,8.35000
7020,20090228,5.95000
7020,20090328,8.46250
7027,20090201,-0.17500
7027,20090301,6.55000
7027,20090202,-0.17500
7027,20090302,5.76250
7027,20090203,-0.10000
7027,20090303,6.32500
7027,20090204,0.30000
7027,20090304,4.46250
7027,20090205,4.86250
7027,20090305,3.62500
7027,20090206,6.02500
7027,20090306,4.73750
7027,20090207,2.86250
7027,20090307,7.92500
7027,20090208,2.97500
7027,20090308,8.87500
7027,20090209,7.46250
7027,20090309,6.80000
7027,20090210,5.72500
7027,20090310,9.21250
7027,20090211,4.15000
7027,20090311,9.23750
7027,20090212,3.61250
7027,20090312,10.08750
7027,20090213,4.90000
7027,20090313,9.75000
7027,20090214,2.62500
7027,20090314,9.11250
7027,20090215,1.80000
7027,20090315,7.71250
7027,20090216,5.53750
7027,20090316,7.43750
7027,20090217,7.45000
7027,20090317,8.08750
7027,20090218,7.18750
7027,20090318,8.87500
7027,20090219,6.22500
7027,20090319,7.82500
7027,20090220,6.13750
7027,20090320,7.10000
7027,20090221,5.91250
7027,20090321,5.26250
7027,20090222,7.27500
7027,20090322,6.18750
7027,20090223,7.08750
7027,20090323,8.15000
7027,20090224,7.25000
7027,20090324,6.83750
7027,20090225,4.55000
7027,20090325,8.15000
7027,20090226,6.65000
7027,20090326,8.51250
7027,20090227,7.60000
7027,20090327,7.36250
7027,20090228,4.35000
7027,20090328,6.02500
7037,20090201,-1.38750
7037,20090301,6.97500
7037,20090202,-1.62500
7037,20090302,5.82500
7037,20090203,-3.33750
7037,20090303,5.03750
7037,20090204,-2.97500
7037,20090304,4.08750
7037,20090205,4.75000
7037,20090305,1.31250
7037,20090206,5.41250
7037,20090306,3.97500
7037,20090207,1.82500
7037,20090307,5.82500
7037,20090208,1.90000
7037,20090308,7.98750
7037,20090209,5.03750
7037,20090309,6.20000
7037,20090210,5.03750
7037,20090310,7.68750
7037,20090211,3.37500
7037,20090311,7.26250
7037,20090212,1.81250
7037,20090312,8.70000
7037,20090213,1.66250
7037,20090313,8.30000
7037,20090214,1.25000
7037,20090314,7.78750
7037,20090215,0.82500
7037,20090315,7.08750
7037,20090216,5.55000
7037,20090316,7.82500
7037,20090217,6.92500
7037,20090218,6.06250
7037,20090318,6.40000
7037,20090219,3.66250
7037,20090220,6.26250
7037,20090320,8.50000
7037,20090221,5.63750
7037,20090321,7.75000
7037,20090222,6.77500
7037,20090322,10.00000
7037,20090223,6.36250
7037,20090323,10.33333
7037,20090224,6.12500
7037,20090225,3.63750
7037,20090325,8.30000
7037,20090226,5.52500
7037,20090326,7.46250
7037,20090227,6.17500
7037,20090327,7.21250
7037,20090228,1.80000
7037,20090328,5.55000
7110,20090201,3.80000
7110,20090301,6.46250
7110,20090202,-0.57500
7110,20090302,5.80000
7110,20090203,0.60000
7110,20090303,8.21250
7110,20090204,4.66250
7110,20090304,5.05000
7110,20090205,5.31250
7110,20090305,5.63750
7110,20090206,4.86250
7110,20090306,4.98750
7110,20090207,4.37500
7110,20090307,9.93750
7110,20090208,4.07500
7110,20090308,8.65000
7110,20090209,8.82500
7110,20090309,8.06250
7110,20090210,6.58750
7110,20090310,9.92857
7110,20090211,5.95000
7110,20090311,9.96250
7110,20090212,5.15000
7110,20090312,9.88750
7110,20090213,8.03750
7110,20090313,9.45000
7110,20090214,5.78750
7110,20090314,9.42500
7110,20090215,2.87500
7110,20090315,7.22500
7110,20090216,4.25000
7110,20090316,9.96250
7110,20090217,6.20000
7110,20090317,10.96250
7110,20090218,6.12500
7110,20090318,10.78750
7110,20090219,7.88750
7110,20090319,10.78750
7110,20090220,7.67500
7110,20090320,10.42500
7110,20090221,5.88750
7110,20090321,6.98750
7110,20090222,8.25000
7110,20090322,8.12500
7110,20090223,7.71250
7110,20090323,7.86250
7110,20090224,8.08750
7110,20090324,7.86250
7110,20090225,8.38750
7110,20090325,9.22500
7110,20090226,6.47500
7110,20090326,8.68750
7110,20090227,8.92500
7110,20090327,7.55000
7110,20090228,3.40000
7110,20090328,6.98750
7117,20090201,3.60000
7117,20090301,8.33750
7117,20090202,0.40000
7117,20090302,8.21250
7117,20090203,1.76250
7117,20090303,8.03750
7117,20090204,4.02500
7117,20090304,5.02500
7117,20090205,6.75000
7117,20090305,5.38750
7117,20090206,5.60000
7117,20090306,7.48750
7117,20090207,5.35000
7117,20090307,10.10000
7117,20090208,5.78750
7117,20090308,9.13750
7117,20090209,8.87500
7117,20090309,8.50000
7117,20090210,6.58750
7117,20090310,9.77500
7117,20090211,6.26250
7117,20090311,9.83750
7117,20090212,5.97500
7117,20090312,10.00000
7117,20090213,8.05000
7117,20090313,11.18750
7117,20090214,4.97500
7117,20090314,9.83750
7117,20090215,4.68750
7117,20090315,8.51250
7117,20090216,6.43750
7117,20090316,8.36250
7117,20090217,8.06250
7117,20090317,9.01250
7117,20090218,8.03750
7117,20090318,9.16250
7117,20090219,8.32500
7117,20090319,9.27500
7117,20090220,7.86250
7117,20090320,8.48750
7117,20090221,7.62500
7117,20090321,8.15000
7117,20090222,8.81250
7117,20090322,8.50000
7117,20090223,8.47500
7117,20090323,8.83750
7117,20090224,8.07500
7117,20090324,8.46250
7117,20090225,8.45000
7117,20090325,9.35000
7117,20090226,8.22500
7117,20090326,9.26250
7117,20090227,8.88750
7117,20090327,8.23750
7117,20090228,6.35000
7117,20090328,7.75000
7130,20090201,1.42500
7130,20090301,5.90000
7130,20090202,-0.90000
7130,20090302,5.88750
7130,20090203,0.03750
7130,20090303,5.60000
7130,20090204,2.95000
7130,20090304,5.12500
7130,20090205,7.13750
7130,20090305,4.26250
7130,20090206,6.37500
7130,20090306,5.02500
7130,20090207,3.02500
7130,20090307,9.67500
7130,20090208,2.36250
7130,20090308,9.12500
7130,20090209,8.15000
7130,20090309,7.72500
7130,20090210,6.65000
7130,20090310,9.85000
7130,20090211,3.83750
7130,20090311,9.17500
7130,20090212,3.73750
7130,20090312,11.26250
7130,20090213,5.31250
7130,20090313,10.66250
7130,20090214,2.31250
7130,20090314,9.47500
7130,20090215,1.27500
7130,20090315,7.47500
7130,20090216,3.22500
7130,20090316,9.18750
7130,20090217,7.33750
7130,20090317,10.25000
7130,20090218,7.71250
7130,20090318,11.53750
7130,20090219,6.41250
7130,20090319,11.36250
7130,20090220,6.43750
7130,20090320,9.08750
7130,20090221,5.37500
7130,20090321,6.83750
7130,20090222,8.21250
7130,20090322,6.33750
7130,20090223,7.58750
7130,20090323,9.07500
7130,20090224,8.10000
7130,20090324,8.11250
7130,20090225,7.20000
7130,20090325,7.90000
7130,20090226,3.60000
7130,20090326,8.57500
7130,20090227,6.63750
7130,20090327,8.26250
7130,20090228,0.90000
7130,20090328,6.71250
7139,20090201,-1.06250
7139,20090301,6.55000
7139,20090202,-1.36250
7139,20090302,6.33750
7139,20090203,-1.90000
7139,20090303,4.51250
7139,20090204,-0.48750
7139,20090304,4.20000
7139,20090205,4.92500
7139,20090305,2.70000
7139,20090206,6.57500
7139,20090306,4.85000
7139,20090207,1.93750
7139,20090307,6.41250
7139,20090208,1.15000
7139,20090308,8.36250
7139,20090209,6.57500
7139,20090309,5.51250
7139,20090210,5.80000
7139,20090310,8.02500
7139,20090211,3.11250
7139,20090311,8.75000
7139,20090212,3.20000
7139,20090312,9.91250
7139,20090213,3.72500
7139,20090313,10.21250
7139,20090214,1.07500
7139,20090314,8.23750
7139,20090215,0.15000
7139,20090315,7.23750
7139,20090216,4.67500
7139,20090316,7.90000
7139,20090217,6.62500
7139,20090317,8.87500
7139,20090218,7.15000
7139,20090318,9.78750
7139,20090219,5.30000
7139,20090319,8.52500
7139,20090220,6.48750
7139,20090320,6.88750
7139,20090221,6.45000
7139,20090321,4.81250
7139,20090222,7.02500
7139,20090322,5.47500
7139,20090223,7.07500
7139,20090323,6.98750
7139,20090224,7.36250
7139,20090324,6.80000
7139,20090225,4.43750
7139,20090325,7.40000
7139,20090226,3.32500
7139,20090326,7.70000
7139,20090227,4.75000
7139,20090327,7.73750
7139,20090228,1.40000
7139,20090328,5.93750
7149,20090201,-0.66250
7149,20090301,7.81250
7149,20090202,0.90000
7149,20090302,7.37500
7149,20090203,-1.12500
7149,20090303,5.50000
7149,20090204,-1.21250
7149,20090304,4.83750
7149,20090205,6.15000
7149,20090305,1.80000
7149,20090206,5.75000
7149,20090306,4.73750
7149,20090207,1.62500
7149,20090307,4.98750
7149,20090208,1.41250
7149,20090308,8.22500
7149,20090209,5.33750
7149,20090309,6.00000
7149,20090210,5.67500
7149,20090310,7.72500
7149,20090211,2.60000
7149,20090311,7.21250
7149,20090212,2.88750
7149,20090312,9.00000
7149,20090213,1.21250
7149,20090313,9.01250
7149,20090214,1.43750
7149,20090314,8.72500
7149,20090215,1.00000
7149,20090315,9.11250
7149,20090216,5.46250
7149,20090316,9.33750
7149,20090217,7.36250
7149,20090317,9.65000
7149,20090218,5.43750
7149,20090318,10.77500
7149,20090219,2.20000
7149,20090319,9.97500
7149,20090220,6.58750
7149,20090320,7.16250
7149,20090221,6.55000
7149,20090321,5.92500
7149,20090222,6.82500
7149,20090322,4.58750
7149,20090223,7.10000
7149,20090323,7.91250
7149,20090224,6.43750
7149,20090324,6.30000
7149,20090225,5.21250
7149,20090325,7.18750
7149,20090226,4.87500
7149,20090326,8.15000
7149,20090227,4.20000
7149,20090327,8.68750
7149,20090228,1.00000
7149,20090328,7.51250
7168,20090201,-1.05000
7168,20090301,8.37500
7168,20090202,3.33750
7168,20090302,7.12500
7168,20090203,0.11250
7168,20090303,2.66250
7168,20090204,0.75000
7168,20090304,4.85000
7168,20090205,5.93750
7168,20090305,1.62500
7168,20090206,5.98750
7168,20090306,3.55000
7168,20090207,3.71250
7168,20090307,3.86250
7168,20090208,1.43750
7168,20090308,7.83750
7168,20090209,4.07500
7168,20090309,4.98750
7168,20090210,7.03333
7168,20090310,6.63750
7168,20090211,2.41667
7168,20090311,5.25000
7168,20090212,2.00000
7168,20090312,6.28750
7168,20090213,0.81250
7168,20090313,9.08750
7168,20090214,0.20000
7168,20090314,8.55000
7168,20090215,-1.77500
7168,20090315,8.96250
7168,20090216,2.36250
7168,20090316,7.47500
7168,20090217,6.33750
7168,20090317,7.65000
7168,20090218,2.55000
7168,20090318,8.77500
7168,20090219,-0.75000
7168,20090319,6.96250
7168,20090220,3.57500
7168,20090320,5.03750
7168,20090221,3.77500
7168,20090321,2.78750
7168,20090222,5.65000
7168,20090322,3.02500
7168,20090223,6.20000
7168,20090323,7.62500
7168,20090224,5.58750
7168,20090324,5.01250
7168,20090225,2.92500
7168,20090325,6.23750
7168,20090226,3.37500
7168,20090326,8.26250
7168,20090227,5.91250
7168,20090327,8.83750
7168,20090228,0.10000
7168,20090328,7.81250
7181,20090201,-1.90000
7181,20090301,7.47143
7181,20090202,-0.35000
7181,20090302,6.15000
7181,20090203,0.32500
7181,20090303,4.31250
7181,20090204,1.06250
7181,20090304,4.42500
7181,20090205,5.60000
7181,20090305,2.65000
7181,20090206,4.88750
7181,20090306,2.13750
7181,20090207,3.58750
7181,20090307,3.23750
7181,20090208,0.37500
7181,20090308,6.22500
7181,20090209,1.22500
7181,20090309,3.50000
7181,20090210,4.25000
7181,20090310,4.12500
7181,20090211,1.21250
7181,20090311,4.08750
7181,20090212,-0.58571
7181,20090312,4.78750
7181,20090213,-0.82500
7181,20090313,7.58750
7181,20090214,-0.68750
7181,20090314,8.56250
7181,20090215,-2.18750
7181,20090315,7.92500
7181,20090216,-0.45000
7181,20090316,5.56250
7181,20090217,3.38750
7181,20090317,6.25000
7181,20090218,-2.18750
7181,20090318,7.87500
7181,20090219,-2.01250
7181,20090319,6.01250
7181,20090220,1.53750
7181,20090320,3.10000
7181,20090221,3.36250
7181,20090321,1.83750
7181,20090222,3.58750
7181,20090322,3.52500
7181,20090223,4.40000
7181,20090323,6.36250
7181,20090224,3.20000
7181,20090324,3.95000
7181,20090225,2.95000
7181,20090325,3.03333
7181,20090226,3.22500
7181,20090326,5.51429
7181,20090227,5.66250
7181,20090327,7.06667
7181,20090228,6.15000
7181,20090328,6.42500
7190,20090201,-0.12500
7190,20090301,7.01250
7190,20090202,-0.45000
7190,20090302,7.58750
7190,20090203,0.12500
7190,20090303,6.22500
7190,20090204,1.08750
7190,20090304,5.16250
7190,20090205,1.83750
7190,20090305,4.52500
7190,20090206,4.61250
7190,20090306,3.53750
7190,20090207,3.80000
7190,20090307,4.06250
7190,20090208,2.57500
7190,20090308,5.90000
7190,20090209,1.87500
7190,20090309,6.15000
7190,20090210,6.62500
7190,20090310,5.02500
7190,20090211,3.17500
7190,20090311,6.53750
7190,20090212,0.97500
7190,20090312,4.58750
7190,20090213,0.18750
7190,20090313,8.70000
7190,20090214,0.20000
7190,20090314,7.50000
7190,20090215,-1.37500
7190,20090315,9.65000
7190,20090216,-0.15000
7190,20090316,8.00000
7190,20090217,1.88750
7190,20090317,6.60000
7190,20090218,-1.63750
7190,20090318,6.68750
7190,20090219,-2.47500
7190,20090319,5.26250
7190,20090220,0.37500
7190,20090320,3.56250
7190,20090221,2.75000
7190,20090321,2.23750
7190,20090222,3.08750
7190,20090322,4.41250
7190,20090223,5.13750
7190,20090323,8.72500
7190,20090224,4.60000
7190,20090324,5.03750
7190,20090225,3.22500
7190,20090325,4.31250
7190,20090226,4.17500
7190,20090326,6.26250
7190,20090227,7.00000
7190,20090327,8.20000
7190,20090228,5.65000
7190,20090328,7.83750
7207,20090201,3.75000
7207,20090301,8.00000
7207,20090202,0.75000
7207,20090302,7.58750
7207,20090203,4.67500
7207,20090303,8.60000
7207,20090204,7.72500
7207,20090304,6.67500
7207,20090205,8.61250
7207,20090305,6.22500
7207,20090206,6.47500
7207,20090306,7.00000
7207,20090207,5.00000
7207,20090307,9.66250
7207,20090208,6.30000
7207,20090308,9.68750
7207,20090209,9.86250
7207,20090309,9.07500
7207,20090210,7.88750
7207,20090310,9.80000
7207,20090211,7.11250
7207,20090311,9.75000
7207,20090212,5.68750
7207,20090312,9.30000
7207,20090213,8.05000
7207,20090313,9.43750
7207,20090214,4.76250
7207,20090314,10.18750
7207,20090215,3.10000
7207,20090315,8.40000
7207,20090216,5.22500
7207,20090316,11.03750
7207,20090217,6.73750
7207,20090317,11.98750
7207,20090218,7.58750
7207,20090318,12.32500
7207,20090219,6.68750
7207,20090319,12.35000
7207,20090220,6.91250
7207,20090320,10.42500
7207,20090221,6.32500
7207,20090321,8.87500
7207,20090222,7.77500
7207,20090322,8.32500
7207,20090223,8.22500
7207,20090323,8.75000
7207,20090224,8.91250
7207,20090324,9.33750
7207,20090225,7.66250
7207,20090325,9.81250
7207,20090226,7.18750
7207,20090326,9.87500
7207,20090227,7.98750
7207,20090327,9.75000
7207,20090228,6.10000
7222,20090201,2.91250
7222,20090301,7.36250
7222,20090202,0.37500
7222,20090302,6.30000
7222,20090203,0.37500
7222,20090303,5.88750
7222,20090204,5.37500
7222,20090304,5.76250
7222,20090205,8.42500
7222,20090305,4.93750
7222,20090206,7.03750
7222,20090306,5.37500
7222,20090207,3.95000
7222,20090307,9.05000
7222,20090208,3.13750
7222,20090308,10.02500
7222,20090209,9.08750
7222,20090309,8.22500
7222,20090210,7.61250
7222,20090310,9.20000
7222,20090211,5.63750
7222,20090311,8.06250
7222,20090212,3.78750
7222,20090312,8.60000
7222,20090213,6.41250
7222,20090313,10.17500
7222,20090214,2.98750
7222,20090314,10.66250
7222,20090215,1.98750
7222,20090315,8.67500
7222,20090216,2.93750
7222,20090316,11.31250
7222,20090217,6.38750
7222,20090317,12.31250
7222,20090218,7.98750
7222,20090318,13.07500
7222,20090219,7.16250
7222,20090319,12.43750
7222,20090220,7.32500
7222,20090320,10.15000
7222,20090221,4.88750
7222,20090321,7.77500
7222,20090222,6.02500
7222,20090322,6.48750
7222,20090223,8.95000
7222,20090323,7.80000
7222,20090224,9.16250
7222,20090324,8.71250
7222,20090225,6.78750
7222,20090325,8.55000
7222,20090226,5.88750
7222,20090326,8.20000
7222,20090227,8.50000
7222,20090327,9.41250
7222,20090228,103505.40000
7222,20090328,7.23750
7240,20090201,-0.20000
7240,20090301,8.87500
7240,20090202,-0.37500
7240,20090302,6.90000
7240,20090203,-0.67500
7240,20090303,5.88750
7240,20090204,3.26250
7240,20090304,4.97500
7240,20090205,8.06250
7240,20090305,2.68750
7240,20090206,6.37500
7240,20090306,5.02500
7240,20090207,2.37500
7240,20090307,6.03750
7240,20090208,0.86250
7240,20090308,8.78750
7240,20090209,7.07500
7240,20090309,6.72500
7240,20090210,6.87500
7240,20090310,7.78750
7240,20090211,2.57500
7240,20090311,9.25000
7240,20090212,2.67500
7240,20090312,8.96250
7240,20090213,3.70000
7240,20090313,10.20000
7240,20090214,2.13750
7240,20090314,9.07500
7240,20090215,0.83750
7240,20090315,9.63750
7240,20090216,2.67500
7240,20090316,9.50000
7240,20090217,6.88750
7240,20090317,10.46250
7240,20090218,7.72500
7240,20090318,10.98750
7240,20090219,5.06250
7240,20090319,10.16250
7240,20090220,5.57500
7240,20090320,7.98750
7240,20090221,5.15000
7240,20090321,5.88750
7240,20090222,5.90000
7240,20090322,6.35000
7240,20090223,6.93750
7240,20090323,7.26250
7240,20090224,6.41250
7240,20090324,7.90000
7240,20090225,4.90000
7240,20090325,7.35000
7240,20090226,4.72500
7240,20090326,8.22500
7240,20090227,7.46250
7240,20090327,8.63750
7240,20090228,5.50000
7240,20090328,7.55000
7255,20090201,0.18750
7255,20090301,8.85000
7255,20090202,3.46250
7255,20090302,7.65000
7255,20090203,0.23750
7255,20090303,4.61250
7255,20090204,1.60000
7255,20090304,4.86250
7255,20090205,8.00000
7255,20090305,3.03750
7255,20090206,6.22500
7255,20090306,3.77500
7255,20090207,2.65000
7255,20090307,4.70000
7255,20090208,0.01250
7255,20090308,8.66250
7255,20090209,5.92500
7255,20090309,6.71250
7255,20090210,6.88750
7255,20090310,6.86250
7255,20090211,2.40000
7255,20090311,8.35000
7255,20090212,2.22500
7255,20090312,7.42500
7255,20090213,0.28750
7255,20090313,11.17500
7255,20090214,1.37500
7255,20090314,8.02500
7255,20090215,0.70000
7255,20090315,10.67500
7255,20090216,0.46250
7255,20090316,10.45000
7255,20090217,5.98750
7255,20090317,10.88750
7255,20090218,6.05000
7255,20090318,12.45000
7255,20090219,1.17500
7255,20090319,10.18750
7255,20090220,3.11250
7255,20090320,7.52500
7255,20090221,4.47500
7255,20090321,5.60000
7255,20090222,5.13750
7255,20090322,6.35000
7255,20090223,6.38750
7255,20090323,7.15000
7255,20090224,6.03750
7255,20090324,6.93750
7255,20090225,4.91250
7255,20090325,5.58750
7255,20090226,4.83750
7255,20090326,9.10000
7255,20090227,6.20000
7255,20090327,9.20000
7255,20090228,4.30000
7255,20090328,8.08750
7280,20090201,-1.21250
7280,20090301,6.61429
7280,20090202,0.77500
7280,20090302,6.92500
7280,20090203,1.23750
7280,20090303,4.92500
7280,20090204,0.72500
7280,20090304,3.38750
7280,20090205,3.81250
7280,20090305,3.85000
7280,20090206,4.95000
7280,20090306,4.41250
7280,20090207,3.41250
7280,20090307,3.47500
7280,20090208,1.43750
7280,20090308,8.11667
7280,20090209,1.85000
7280,20090309,5.45000
7280,20090210,6.27500
7280,20090310,4.72500
7280,20090211,2.43750
7280,20090311,6.46250
7280,20090212,1.52857
7280,20090312,4.58750
7280,20090213,0.72500
7280,20090313,8.86250
7280,20090214,0.77500
7280,20090314,8.93750
7280,20090215,-1.11250
7280,20090315,10.38750
7280,20090216,-1.10000
7280,20090316,8.95000
7280,20090217,3.58750
7280,20090317,9.56250
7280,20090218,1.85000
7280,20090318,9.93750
7280,20090219,-1.13750
7280,20090319,8.88750
7280,20090220,1.47500
7280,20090320,4.56250
7280,20090221,3.80000
7280,20090321,3.62500
7280,20090222,4.18750
7280,20090322,5.43750
7280,20090223,5.83750
7280,20090323,7.48750
7280,20090224,5.00000
7280,20090324,5.93750
7280,20090225,2.92500
7280,20090325,2.26667
7280,20090226,3.13750
7280,20090326,9.15000
7280,20090227,6.77500
7280,20090327,8.74000
7280,20090228,3.40000
7280,20090328,7.98750
7299,20090201,-0.82500
7299,20090301,5.83750
7299,20090202,-2.30000
7299,20090302,7.08750
7299,20090203,-0.92500
7299,20090303,5.55000
7299,20090204,1.07500
7299,20090304,5.26250
7299,20090205,2.27500
7299,20090305,3.36250
7299,20090206,3.88750
7299,20090306,2.28750
7299,20090207,3.33750
7299,20090307,3.81250
7299,20090208,1.38750
7299,20090308,5.55000
7299,20090209,1.38750
7299,20090309,4.88750
7299,20090210,6.91250
7299,20090310,5.30000
7299,20090211,2.66250
7299,20090311,5.41250
7299,20090212,0.53750
7299,20090312,3.86250
7299,20090213,-0.05000
7299,20090313,9.61250
7299,20090214,-1.07500
7299,20090314,7.86250
7299,20090215,-2.12500
7299,20090315,10.25000
7299,20090216,-0.62500
7299,20090316,7.77500
7299,20090217,1.90000
7299,20090317,6.58750
7299,20090218,-1.28750
7299,20090318,5.96250
7299,20090219,-3.63750
7299,20090319,4.80000
7299,20090220,0.02500
7299,20090320,1.86250
7299,20090221,2.53750
7299,20090321,1.17500
7299,20090222,2.56250
7299,20090322,4.03750
7299,20090223,4.51250
7299,20090323,6.81250
7299,20090224,4.12500
7299,20090324,4.72500
7299,20090225,2.65000
7299,20090325,4.67500
7299,20090226,3.70000
7299,20090326,6.90000
7299,20090227,6.62500
7299,20090327,8.08333
7299,20090228,0.10000
7299,20090328,7.17500
7314,20090201,6.90000
7314,20090301,8.97500
7314,20090202,2.67500
7314,20090302,8.37500
7314,20090203,3.30000
7314,20090303,8.72500
7314,20090204,7.83750
7314,20090304,7.38750
7314,20090205,9.67500
7314,20090305,6.96250
7314,20090206,8.62500
7314,20090306,7.36250
7314,20090207,6.02500
7314,20090307,9.30000
7314,20090208,6.23750
7314,20090308,10.08750
7314,20090209,10.12222
7314,20090309,9.23333
7314,20090210,9.28750
7314,20090310,9.95000
7314,20090211,7.60000
7314,20090311,8.56250
7314,20090212,6.62500
7314,20090312,9.03750
7314,20090213,7.06250
7314,20090313,11.53750
7314,20090214,4.93750
7314,20090314,10.26250
7314,20090215,3.88750
7314,20090315,10.28750
7314,20090216,5.42500
7314,20090316,11.58750
7314,20090217,6.36250
7314,20090317,12.05000
7314,20090218,7.92500
7314,20090318,12.58750
7314,20090219,7.98750
7314,20090319,12.27500
7314,20090220,7.41250
7314,20090320,11.01250
7314,20090221,7.56250
7314,20090321,8.70000
7314,20090222,7.51250
7314,20090322,9.32500
7314,20090223,8.81250
7314,20090323,9.27500
7314,20090224,9.23750
7314,20090324,9.72500
7314,20090225,7.95000
7314,20090325,9.70000
7314,20090226,7.78750
7314,20090326,10.20000
7314,20090227,8.26250
7314,20090327,10.50000
7314,20090228,8.40000
7314,20090328,9.65000
7335,20090201,2.15000
7335,20090301,8.96250
7335,20090202,-0.11250
7335,20090302,6.61250
7335,20090203,-0.31250
7335,20090303,4.76250
7335,20090204,5.42500
7335,20090304,4.70000
7335,20090205,8.98750
7335,20090305,3.50000
7335,20090206,6.33750
7335,20090306,4.78750
7335,20090207,2.33750
7335,20090307,5.90000
7335,20090208,1.17500
7335,20090308,9.25000
7335,20090209,8.00000
7335,20090309,6.93750
7335,20090210,7.18750
7335,20090310,7.66250
7335,20090211,3.70000
7335,20090311,8.95000
7335,20090212,2.63750
7335,20090312,8.66250
7335,20090213,3.20000
7335,20090313,10.36250
7335,20090214,1.88750
7335,20090314,9.05000
7335,20090215,0.46250
7335,20090315,8.86250
7335,20090216,1.75000
7335,20090316,9.70000
7335,20090217,6.31250
7335,20090317,11.16250
7335,20090218,7.77500
7335,20090318,12.40000
7335,20090219,5.71250
7335,20090319,10.76250
7335,20090220,5.16250
7335,20090320,8.40000
7335,20090221,4.18750
7335,20090321,5.72500
7335,20090222,5.76250
7335,20090322,6.72500
7335,20090223,7.38750
7335,20090323,7.76250
7335,20090224,6.82500
7335,20090324,8.16250
7335,20090225,4.66250
7335,20090325,6.21250
7335,20090226,4.58750
7335,20090326,7.60000
7335,20090227,6.85000
7335,20090327,9.16250
7335,20090228,6.10000
7335,20090328,8.05714
7434,20090201,7.60000
7434,20090301,8.11250
7434,20090202,4.85000
7434,20090302,5.71250
7434,20090203,-0.15000
7434,20090303,3.27500
7434,20090204,4.33750
7434,20090304,3.01250
7434,20090205,7.60000
7434,20090305,1.87500
7434,20090206,5.12500
7434,20090306,3.36250
7434,20090207,0.77500
7434,20090307,3.95000
7434,20090208,-0.78750
7434,20090308,7.05000
7434,20090209,5.43750
7434,20090309,5.43750
7434,20090210,6.05000
7434,20090310,5.18750
7434,20090211,2.73750
7434,20090311,7.90000
7434,20090212,1.32500
7434,20090312,8.58750
7434,20090213,0.26250
7434,20090313,11.83750
7434,20090214,0.73750
7434,20090314,8.26250
7434,20090215,-0.27500
7434,20090315,9.85000
7434,20090216,2.01250
7434,20090316,9.96250
7434,20090217,4.38750
7434,20090317,11.42857
7434,20090218,5.63750
7434,20090318,14.10000
7434,20090219,3.61250
7434,20090319,12.56250
7434,20090220,5.03750
7434,20090320,8.17500
7434,20090221,4.97500
7434,20090321,5.08750
7434,20090222,3.17500
7434,20090322,7.55000
7434,20090223,5.60000
7434,20090323,7.43750
7434,20090224,5.22500
7434,20090324,5.91250
7434,20090225,5.65000
7434,20090325,4.52500
7434,20090226,6.72500
7434,20090326,6.61250
7434,20090227,7.97500
7434,20090327,7.03750
7434,20090228,7.50000
7434,20090328,6.97143
7460,20090201,4.55000
7460,20090301,9.77500
7460,20090202,6.48750
7460,20090302,7.22500
7460,20090203,1.07500
7460,20090303,5.86250
7460,20090204,3.30000
7460,20090304,6.43750
7460,20090205,8.68750
7460,20090305,3.25000
7460,20090206,5.57500
7460,20090306,3.53750
7460,20090207,2.97500
7460,20090307,3.45000
7460,20090208,0.75000
7460,20090308,7.45000
7460,20090209,6.20000
7460,20090309,7.37500
7460,20090210,8.52500
7460,20090310,6.51250
7460,20090211,2.88750
7460,20090311,7.95000
7460,20090212,1.08750
7460,20090312,5.60000
7460,20090213,0.61250
7460,20090313,8.41250
7460,20090214,0.70000
7460,20090314,11.38750
7460,20090215,-1.85000
7460,20090315,9.88750
7460,20090216,-1.63750
7460,20090316,8.27500
7460,20090217,4.23750
7460,20090317,8.16250
7460,20090218,5.65000
7460,20090318,9.07500
7460,20090219,0.43750
7460,20090319,8.26250
7460,20090220,1.17500
7460,20090320,6.16250
7460,20090221,3.30000
7460,20090321,3.72500
7460,20090222,5.56250
7460,20090322,5.45000
7460,20090223,5.92500
7460,20090323,9.08750
7460,20090224,5.33750
7460,20090324,6.87500
7460,20090225,2.35000
7460,20090325,6.10000
7460,20090226,4.85000
7460,20090326,9.71250
7460,20090227,5.65000
7460,20090327,10.91250
7460,20090228,1.90000
7460,20090328,9.02857
7471,20090201,3.08750
7471,20090301,5.82500
7471,20090202,4.06250
7471,20090302,4.40000
7471,20090203,0.81250
7471,20090303,3.46250
7471,20090204,1.25000
7471,20090304,2.78750
7471,20090205,5.72500
7471,20090305,-0.06250
7471,20090206,1.91250
7471,20090306,0.25000
7471,20090207,-0.01250
7471,20090307,1.26250
7471,20090208,-3.12500
7471,20090308,5.02500
7471,20090209,1.61250
7471,20090309,3.23750
7471,20090210,4.48750
7471,20090310,2.08750
7471,20090211,-1.11250
7471,20090311,3.97500
7471,20090212,-2.56250
7471,20090312,2.82500
7471,20090213,-2.51250
7471,20090313,5.91250
7471,20090214,-2.52500
7471,20090314,7.50000
7471,20090215,-5.15000
7471,20090315,7.22500
7471,20090216,-4.42500
7471,20090316,5.80000
7471,20090217,1.06250
7471,20090317,4.76250
7471,20090218,2.76250
7471,20090318,6.11250
7471,20090219,-1.63750
7471,20090319,5.25000
7471,20090220,-1.48750
7471,20090320,2.55000
7471,20090221,1.52500
7471,20090321,-0.53750
7471,20090222,1.38750
7471,20090322,3.27500
7471,20090223,2.01250
7471,20090323,5.23750
7471,20090224,1.96250
7471,20090324,2.18750
7471,20090225,0.62500
7471,20090325,2.52500
7471,20090226,2.21250
7471,20090326,6.23750
7471,20090227,2.70000
7471,20090327,6.13750
7471,20090228,-1.90000
7471,20090328,5.10000
7481,20090201,3.31250
7481,20090301,11.08750
7481,20090202,3.70000
7481,20090302,8.08750
7481,20090203,3.96250
7481,20090303,7.61250
7481,20090204,5.46250
7481,20090304,6.78750
7481,20090205,8.70000
7481,20090305,3.56250
7481,20090206,5.81250
7481,20090306,2.35000
7481,20090207,2.21250
7481,20090307,3.78750
7481,20090208,0.97500
7481,20090308,7.21250
7481,20090209,3.30000
7481,20090309,6.47500
7481,20090210,8.20000
7481,20090310,5.46250
7481,20090211,3.23750
7481,20090311,7.12500
7481,20090212,1.10000
7481,20090312,5.45000
7481,20090213,0.62500
7481,20090313,8.30000
7481,20090214,0.48750
7481,20090314,11.18750
7481,20090215,-0.72500
7481,20090315,11.05000
7481,20090216,-0.57500
7481,20090316,9.08750
7481,20090217,1.71250
7481,20090317,9.30000
7481,20090218,3.22500
7481,20090318,9.81250
7481,20090219,-0.21250
7481,20090319,8.95000
7481,20090220,1.01250
7481,20090320,5.81250
7481,20090221,4.58750
7481,20090321,3.66250
7481,20090222,3.03750
7481,20090322,6.23750
7481,20090223,4.72500
7481,20090323,7.70000
7481,20090224,5.46250
7481,20090324,6.15000
7481,20090225,3.61250
7481,20090325,5.28750
7481,20090226,5.12500
7481,20090326,9.13750
7481,20090227,6.97500
7481,20090327,12.17500
7481,20090228,4.70000
7481,20090328,9.22857
7510,20090201,9.68750
7510,20090301,10.18750
7510,20090202,5.46250
7510,20090302,7.83750
7510,20090203,3.41250
7510,20090303,5.61250
7510,20090204,9.08750
7510,20090304,6.37500
7510,20090205,10.75000
7510,20090305,5.28750
7510,20090206,7.21250
7510,20090306,6.78750
7510,20090207,5.13750
7510,20090307,8.56250
7510,20090208,3.82500
7510,20090308,10.78750
7510,20090209,11.72500
7510,20090309,8.91250
7510,20090210,8.92500
7510,20090310,7.67500
7510,20090211,5.51250
7510,20090311,11.15000
7510,20090212,4.80000
7510,20090312,10.11250
7510,20090213,3.63750
7510,20090313,11.91429
7510,20090214,4.96250
7510,20090314,10.38750
7510,20090215,2.63750
7510,20090315,11.51250
7510,20090216,3.11250
7510,20090316,12.70000
7510,20090217,5.11250
7510,20090317,13.16250
7510,20090218,7.04286
7510,20090318,14.96250
7510,20090219,7.25000
7510,20090319,14.26250
7510,20090220,6.00000
7510,20090320,12.47500
7510,20090221,7.30000
7510,20090321,8.75000
7510,20090222,6.08750
7510,20090322,9.28750
7510,20090223,9.02500
7510,20090323,9.97500
7510,20090224,9.18750
7510,20090324,9.78750
7510,20090225,7.12500
7510,20090325,8.00000
7510,20090226,7.70000
7510,20090326,9.82500
7510,20090227,7.86250
7510,20090327,10.93750
7510,20090228,4.20000
7510,20090328,10.11429
7535,20090201,8.91250
7535,20090301,8.87500
7535,20090202,8.53750
7535,20090302,7.75000
7535,20090203,2.43750
7535,20090303,3.77500
7535,20090204,6.31250
7535,20090304,4.50000
7535,20090205,9.65000
7535,20090305,2.87500
7535,20090206,5.51250
7535,20090306,4.90000
7535,20090207,2.76250
7535,20090307,4.30000
7535,20090208,0.68750
7535,20090308,8.21250
7535,20090209,7.82500
7535,20090309,7.51250
7535,20090210,7.08750
7535,20090310,5.78750
7535,20090211,3.33750
7535,20090311,8.71250
7535,20090212,3.00000
7535,20090312,8.38750
7535,20090213,0.57500
7535,20090313,11.67500
7535,20090214,2.60000
7535,20090314,10.57500
7535,20090215,-0.17500
7535,20090315,11.76250
7535,20090216,1.38750
7535,20090316,11.20000
7535,20090217,3.60000
7535,20090317,12.75000
7535,20090218,6.72500
7535,20090318,12.48000
7535,20090219,6.18750
7535,20090220,5.17500
7535,20090320,12.90000
7535,20090221,6.33750
7535,20090321,7.07500
7535,20090222,4.90000
7535,20090322,8.27500
7535,20090223,6.83750
7535,20090323,9.02500
7535,20090224,6.98750
7535,20090324,8.06250
7535,20090225,5.10000
7535,20090325,5.01250
7535,20090226,6.96250
7535,20090326,8.95000
7535,20090227,7.15000
7535,20090327,8.13750
7535,20090228,10.50000
7535,20090328,7.81429
7558,20090201,3.78333
7558,20090301,6.01250
7558,20090202,5.13333
7558,20090302,5.62500
7558,20090203,0.12500
7558,20090303,3.53750
7558,20090204,1.71250
7558,20090304,2.40000
7558,20090205,6.36250
7558,20090305,1.28750
7558,20090206,4.75000
7558,20090306,1.42500
7558,20090207,-0.31250
7558,20090307,3.58750
7558,20090208,-1.77500
7558,20090308,5.71250
7558,20090209,3.00000
7558,20090309,5.01250
7558,20090210,3.76250
7558,20090310,4.55000
7558,20090211,0.97500
7558,20090311,6.03750
7558,20090212,-0.52500
7558,20090312,7.70000
7558,20090213,-2.02500
7558,20090313,11.75000
7558,20090214,-0.83750
7558,20090314,10.96250
7558,20090215,-1.36250
7558,20090315,10.07500
7558,20090216,0.01250
7558,20090316,9.68750
7558,20090217,2.76250
7558,20090317,10.15000
7558,20090218,4.06250
7558,20090318,12.01250
7558,20090219,1.98750
7558,20090319,11.15000
7558,20090220,3.60000
7558,20090320,7.35000
7558,20090221,3.75000
7558,20090321,3.96250
7558,20090222,2.17500
7558,20090322,6.88750
7558,20090223,3.50000
7558,20090323,8.37500
7558,20090224,4.26250
7558,20090324,4.90000
7558,20090225,4.21250
7558,20090325,4.50000
7558,20090226,6.53750
7558,20090326,6.67500
7558,20090227,8.56250
7558,20090327,7.33750
7558,20090228,6.00000
7558,20090328,5.10000
7577,20090201,6.02500
7577,20090301,10.80000
7577,20090202,8.12500
7577,20090302,9.98750
7577,20090203,7.13750
7577,20090303,8.91250
7577,20090204,6.38750
7577,20090304,4.72500
7577,20090205,11.32500
7577,20090305,6.27500
7577,20090206,10.38750
7577,20090306,6.27500
7577,20090207,4.65000
7577,20090307,7.55000
7577,20090208,3.38750
7577,20090308,10.51250
7577,20090209,4.16250
7577,20090309,9.96250
7577,20090210,9.23750
7577,20090310,7.00000
7577,20090211,5.23750
7577,20090311,9.61250
7577,20090212,3.82500
7577,20090312,9.21250
7577,20090213,3.12500
7577,20090313,11.83750
7577,20090214,3.08750
7577,20090314,12.73750
7577,20090215,2.01250
7577,20090315,13.40000
7577,20090216,2.85000
7577,20090316,12.31250
7577,20090217,4.63750
7577,20090317,11.81250
7577,20090218,7.06250
7577,20090318,13.35000
7577,20090219,3.06250
7577,20090319,13.01250
7577,20090220,4.57500
7577,20090320,9.43750
7577,20090221,7.00000
7577,20090321,6.68750
7577,20090222,7.13750
7577,20090322,9.07500
7577,20090223,7.90000
7577,20090323,10.61250
7577,20090224,8.25000
7577,20090324,7.40000
7577,20090225,6.41250
7577,20090325,8.48750
7577,20090226,6.68750
7577,20090326,10.46250
7577,20090227,10.61250
7577,20090327,11.85000
7577,20090228,8.60000
7577,20090328,10.85714
7591,20090201,1.36250
7591,20090301,5.28750
7591,20090202,2.83750
7591,20090302,6.15000
7591,20090203,4.56250
7591,20090303,4.78750
7591,20090204,3.55000
7591,20090304,2.03750
7591,20090205,2.17500
7591,20090305,1.27500
7591,20090206,1.53750
7591,20090306,1.58750
7591,20090207,1.60000
7591,20090307,1.88750
7591,20090208,-0.23750
7591,20090308,3.85000
7591,20090209,-0.21250
7591,20090309,3.80000
7591,20090210,2.81250
7591,20090310,1.92500
7591,20090211,0.50000
7591,20090311,4.90000
7591,20090212,-1.98750
7591,20090312,4.08750
7591,20090213,-2.10000
7591,20090313,7.02500
7591,20090214,-3.76250
7591,20090314,9.57500
7591,20090215,-3.52500
7591,20090315,9.47500
7591,20090216,-1.41250
7591,20090316,10.77500
7591,20090217,-1.62500
7591,20090317,8.02500
7591,20090218,1.93750
7591,20090318,11.48750
7591,20090219,-1.65000
7591,20090319,9.82500
7591,20090220,0.03750
7591,20090320,5.62500
7591,20090221,2.13750
7591,20090321,1.86250
7591,20090222,1.42500
7591,20090322,3.57500
7591,20090223,1.92500
7591,20090323,6.62500
7591,20090224,1.26250
7591,20090324,4.98750
7591,20090225,2.13750
7591,20090325,3.25000
7591,20090226,3.37500
7591,20090326,6.33750
7591,20090227,4.28750
7591,20090327,8.53750
7591,20090228,1.70000
7591,20090328,5.88571
7607,20090201,9.58750
7607,20090301,10.25714
7607,20090202,8.31250
7607,20090302,9.36250
7607,20090203,5.31250
7607,20090303,5.80000
7607,20090204,8.96250
7607,20090304,6.18750
7607,20090205,8.92500
7607,20090305,5.17500
7607,20090206,4.47500
7607,20090306,6.67500
7607,20090207,4.38750
7607,20090307,7.28000
7607,20090208,4.43750
7607,20090308,10.95000
7607,20090209,12.70000
7607,20090309,9.02000
7607,20090210,8.85000
7607,20090211,4.80000
7607,20090212,3.30000
7607,20090213,2.92500
7607,20090214,5.67500
7607,20090215,1.78750
7607,20090216,1.32500
7607,20090316,14.80000
7607,20090217,3.67500
7607,20090317,10.80000
7607,20090218,6.26250
7607,20090318,12.08750
7607,20090219,6.72000
7607,20090319,13.01250
7607,20090220,3.08333
7607,20090320,12.33750
7607,20090221,7.55000
7607,20090321,8.61250
7607,20090222,5.42500
7607,20090322,8.08750
7607,20090223,8.16250
7607,20090323,8.58750
7607,20090224,8.01250
7607,20090324,9.05000
7607,20090225,5.62500
7607,20090325,7.28750
7607,20090226,6.70000
7607,20090326,11.83750
7607,20090227,6.95000
7607,20090327,11.73333
7607,20090228,1.30000
7607,20090328,8.51429
7621,20090201,7.52500
7621,20090301,9.02500
7621,20090202,6.81250
7621,20090302,7.93750
7621,20090203,3.37500
7621,20090303,5.58750
7621,20090204,8.07500
7621,20090304,3.72500
7621,20090205,7.22500
7621,20090305,2.56250
7621,20090206,3.30000
7621,20090306,4.76250
7621,20090207,2.28750
7621,20090307,7.31250
7621,20090208,4.03750
7621,20090308,8.02500
7621,20090209,10.15000
7621,20090309,8.22500
7621,20090210,7.40000
7621,20090310,7.70000
7621,20090211,3.16250
7621,20090311,8.61250
7621,20090212,5.07500
7621,20090312,9.13750
7621,20090213,3.71250
7621,20090313,14.03750
7621,20090214,3.65000
7621,20090314,11.81250
7621,20090215,0.73750
7621,20090315,9.98750
7621,20090216,1.81250
7621,20090316,10.16250
7621,20090217,3.50000
7621,20090317,11.80000
7621,20090218,6.38750
7621,20090318,13.02500
7621,20090219,6.13750
7621,20090319,13.36250
7621,20090220,4.91250
7621,20090320,10.05000
7621,20090221,5.31250
7621,20090321,6.41250
7621,20090222,5.97500
7621,20090322,7.81250
7621,20090223,7.42500
7621,20090323,8.45000
7621,20090224,6.88750
7621,20090324,6.91250
7621,20090225,5.36250
7621,20090325,6.30000
7621,20090226,8.28750
7621,20090326,9.83750
7621,20090227,8.58750
7621,20090327,9.90000
7621,20090228,3.60000
7621,20090328,6.37143
7627,20090201,8.57500
7627,20090301,8.01250
7627,20090202,6.32500
7627,20090302,7.43750
7627,20090203,2.83750
7627,20090303,6.11250
7627,20090204,7.06250
7627,20090304,3.85000
7627,20090205,8.90000
7627,20090305,2.86250
7627,20090206,3.31250
7627,20090306,4.13750
7627,20090207,3.00000
7627,20090307,6.66250
7627,20090208,4.01250
7627,20090308,7.51250
7627,20090209,8.65000
7627,20090309,8.51250
7627,20090210,6.41250
7627,20090310,6.58333
7627,20090211,1.93750
7627,20090311,8.28750
7627,20090212,2.58750
7627,20090312,9.91250
7627,20090213,3.70000
7627,20090313,13.80000
7627,20090214,3.81250
7627,20090314,12.10000
7627,20090215,1.95000
7627,20090315,10.50000
7627,20090216,1.03750
7627,20090316,10.21250
7627,20090217,2.72500
7627,20090317,11.25000
7627,20090218,6.53750
7627,20090318,12.73750
7627,20090219,6.58750
7627,20090319,12.96250
7627,20090220,5.15000
7627,20090320,9.97500
7627,20090221,4.30000
7627,20090321,5.93750
7627,20090222,5.28750
7627,20090322,6.63750
7627,20090223,6.92500
7627,20090323,7.68750
7627,20090224,6.60000
7627,20090324,4.62500
7627,20090225,5.70000
7627,20090325,5.77500
7627,20090226,7.03750
7627,20090326,10.05000
7627,20090227,8.65000
7627,20090327,8.96250
7627,20090228,6.50000
7627,20090328,5.45714
7630,20090201,9.70000
7630,20090301,10.12500
7630,20090202,8.87500
7630,20090302,9.32500
7630,20090203,4.65000
7630,20090303,7.37500
7630,20090204,6.77500
7630,20090304,5.37500
7630,20090205,6.45000
7630,20090305,4.56250
7630,20090206,4.03750
7630,20090306,6.21250
7630,20090207,4.67500
7630,20090307,7.35000
7630,20090208,4.06250
7630,20090308,10.03750
7630,20090209,10.42500
7630,20090309,9.27500
7630,20090210,8.32500
7630,20090310,8.95000
7630,20090211,3.55000
7630,20090311,9.86250
7630,20090212,3.70000
7630,20090312,9.83750
7630,20090213,3.38750
7630,20090313,12.57500
7630,20090214,5.12500
7630,20090314,12.32500
7630,20090215,1.75000
7630,20090315,12.12500
7630,20090216,1.35000
7630,20090316,11.15000
7630,20090217,4.40000
7630,20090317,12.25000
7630,20090218,7.75000
7630,20090318,13.46250
7630,20090219,5.35000
7630,20090319,14.06250
7630,20090220,3.90000
7630,20090320,11.91250
7630,20090221,5.63750
7630,20090321,8.77500
7630,20090222,6.75000
7630,20090322,9.15000
7630,20090223,7.66250
7630,20090323,10.36250
7630,20090224,8.36250
7630,20090324,9.47500
7630,20090225,6.85000
7630,20090325,8.07500
7630,20090226,7.87500
7630,20090326,11.52500
7630,20090227,8.61250
7630,20090327,10.68750
7630,20090228,5.70000
7630,20090328,8.10000
7643,20090201,7.90000
7643,20090301,11.07500
7643,20090202,9.88750
7643,20090302,11.63750
7643,20090203,8.20000
7643,20090303,9.47500
7643,20090204,7.97500
7643,20090304,7.73750
7643,20090205,12.41250
7643,20090305,8.71250
7643,20090206,11.07500
7643,20090306,9.56250
7643,20090207,7.40000
7643,20090307,10.63750
7643,20090208,5.83750
7643,20090308,11.76250
7643,20090209,5.17500
7643,20090309,12.62500
7643,20090210,9.25000
7643,20090310,10.53750
7643,20090211,7.31250
7643,20090311,13.35000
7643,20090212,5.66250
7643,20090312,10.35000
7643,20090213,5.06250
7643,20090313,11.41250
7643,20090214,4.95000
7643,20090314,11.16250
7643,20090215,3.96250
7643,20090315,14.13750
7643,20090216,4.22500
7643,20090316,14.05000
7643,20090217,7.13750
7643,20090317,11.73750
7643,20090218,11.11250
7643,20090318,12.67500
7643,20090219,6.35000
7643,20090319,12.76250
7643,20090220,5.88750
7643,20090320,12.45000
7643,20090221,9.30000
7643,20090321,7.93750
7643,20090222,8.71250
7643,20090322,10.42500
7643,20090223,10.55000
7643,20090323,14.43750
7643,20090224,10.37500
7643,20090324,12.25000
7643,20090225,8.51250
7643,20090325,10.83750
7643,20090226,6.73750
7643,20090326,13.86250
7643,20090227,11.37500
7643,20090327,13.91250
7643,20090228,7.70000
7643,20090328,11.61429
7650,20090201,9.91250
7650,20090301,12.60000
7650,20090202,9.78750
7650,20090302,11.43750
7650,20090203,11.05714
7650,20090303,9.33750
7650,20090204,10.98750
7650,20090304,8.36250
7650,20090205,12.83750
7650,20090305,7.32500
7650,20090206,12.65000
7650,20090306,7.27500
7650,20090207,7.66250
7650,20090307,9.12500
7650,20090208,4.95000
7650,20090308,11.23750
7650,20090209,6.62500
7650,20090309,10.82500
7650,20090210,9.76250
7650,20090310,8.86250
7650,20090211,6.82500
7650,20090311,11.21250
7650,20090212,5.50000
7650,20090312,9.18750
7650,20090213,4.31250
7650,20090313,12.20000
7650,20090214,4.18750
7650,20090314,11.41250
7650,20090215,2.97500
7650,20090315,12.86250
7650,20090216,2.90000
7650,20090316,12.57500
7650,20090217,4.55000
7650,20090317,12.60000
7650,20090218,9.43750
7650,20090318,11.70000
7650,20090219,4.61250
7650,20090319,12.48750
7650,20090220,5.05000
7650,20090320,9.58750
7650,20090221,7.33750
7650,20090321,7.57500
7650,20090222,6.38750
7650,20090322,9.00000
7650,20090223,9.02500
7650,20090323,11.70000
7650,20090224,7.96250
7650,20090324,10.08750
7650,20090225,6.88750
7650,20090325,10.77500
7650,20090226,7.63750
7650,20090326,12.83750
7650,20090227,11.27500
7650,20090327,12.52500
7650,20090228,8.50000
7650,20090328,11.81429
7661,20090301,11.03750
7661,20090202,8.56667
7661,20090302,11.00000
7661,20090203,10.10000
7661,20090303,9.58750
7661,20090204,9.96250
7661,20090304,8.27500
7661,20090205,11.93750
7661,20090305,6.97500
7661,20090206,11.63750
7661,20090306,8.26250
7661,20090207,7.48750
7661,20090307,10.61250
7661,20090208,5.35000
7661,20090308,11.63750
7661,20090209,8.61250
7661,20090309,11.75000
7661,20090210,10.46250
7661,20090310,10.36250
7661,20090211,7.42500
7661,20090311,12.28750
7661,20090212,6.47500
7661,20090312,11.37500
7661,20090213,5.76250
7661,20090313,12.90000
7661,20090214,4.70000
7661,20090314,11.56250
7661,20090215,5.11250
7661,20090315,11.75000
7661,20090216,6.62500
7661,20090316,12.41250
7661,20090217,7.62500
7661,20090317,13.40000
7661,20090218,9.20000
7661,20090318,12.38750
7661,20090219,7.76250
7661,20090319,11.91250
7661,20090220,7.72500
7661,20090320,8.16250
7661,20090221,8.46250
7661,20090321,8.12500
7661,20090222,8.81250
7661,20090322,10.08750
7661,20090223,9.93750
7661,20090323,13.96250
7661,20090224,10.28750
7661,20090324,11.88750
7661,20090225,8.55000
7661,20090325,10.56250
7661,20090226,10.33750
7661,20090326,12.72500
7661,20090227,12.31429
7661,20090327,12.82500
7661,20090228,8.40000
7661,20090328,10.98571
7690,20090201,8.81250
7690,20090301,11.41250
7690,20090202,9.36250
7690,20090302,11.83750
7690,20090203,9.48571
7690,20090303,11.81250
7690,20090204,9.90000
7690,20090304,9.92500
7690,20090205,10.47500
7690,20090305,7.76250
7690,20090206,11.41250
7690,20090306,9.90000
7690,20090207,8.05000
7690,20090307,11.18750
7690,20090208,8.31250
7690,20090308,11.22500
7690,20090209,9.63750
7690,20090309,13.21250
7690,20090210,11.18750
7690,20090310,10.75000
7690,20090211,10.20000
7690,20090311,10.71250
7690,20090212,7.20000
7690,20090312,11.25000
7690,20090213,6.28750
7690,20090313,11.67500
7690,20090214,5.45000
7690,20090314,12.95000
7690,20090215,5.93750
7690,20090315,13.48750
7690,20090216,6.96250
7690,20090316,13.70000
7690,20090217,7.23750
7690,20090317,13.17500
7690,20090218,7.47500
7690,20090318,13.53750
7690,20090219,8.11250
7690,20090319,12.27500
7690,20090220,8.23750
7690,20090320,10.22500
7690,20090221,10.17500
7690,20090321,8.00000
7690,20090222,9.45000
7690,20090322,10.46250
7690,20090223,9.38750
7690,20090323,12.10000
7690,20090224,9.91250
7690,20090324,12.00000
7690,20090225,9.90000
7690,20090325,10.80000
7690,20090226,9.00000
7690,20090326,11.05000
7690,20090227,10.36250
7690,20090327,12.27500
7690,20090228,8.50000
7690,20090328,12.05714
7747,20090201,10.30000
7747,20090301,11.76250
7747,20090202,9.62500
7747,20090302,11.71250
7747,20090203,6.13750
7747,20090303,10.03750
7747,20090204,5.28750
7747,20090304,6.43750
7747,20090205,9.17500
7747,20090305,7.95000
7747,20090206,7.67500
7747,20090306,8.10000
7747,20090207,7.02500
7747,20090307,10.61250
7747,20090208,6.66250
7747,20090308,14.03750
7747,20090209,10.86250
7747,20090309,12.66250
7747,20090210,9.93750
7747,20090310,11.31250
7747,20090211,6.15000
7747,20090311,13.16250
7747,20090212,6.28750
7747,20090312,12.72500
7747,20090213,6.87500
7747,20090313,13.03750
7747,20090214,7.61250
7747,20090314,17.81250
7747,20090215,4.40000
7747,20090315,15.70000
7747,20090216,4.56250
7747,20090316,14.16250
7747,20090217,9.46250
7747,20090317,10.35000
7747,20090218,11.13750
7747,20090318,11.20000
7747,20090219,10.18750
7747,20090319,13.62500
7747,20090220,7.18750
7747,20090320,14.01429
7747,20090221,10.26250
7747,20090321,8.57500
7747,20090222,11.41250
7747,20090322,12.65714
7747,20090223,10.73750
7747,20090323,16.21250
7747,20090224,11.31250
7747,20090324,12.77500
7747,20090225,8.43750
7747,20090325,12.42500
7747,20090226,8.91250
7747,20090326,14.30000
7747,20090227,15.30000
7747,20090327,13.12500
7747,20090228,6.70000
7747,20090328,10.21429
7761,20090201,9.62500
7761,20090301,10.85000
7761,20090202,10.47500
7761,20090302,11.37500
7761,20090203,10.43750
7761,20090303,11.30000
7761,20090204,11.16250
7761,20090304,10.97500
7761,20090205,13.06250
7761,20090305,9.26250
7761,20090206,12.30000
7761,20090306,8.82500
7761,20090207,9.12500
7761,20090307,9.41250
7761,20090208,8.25000
7761,20090308,9.66250
7761,20090209,7.85000
7761,20090309,11.31250
7761,20090210,11.57500
7761,20090310,10.35000
7761,20090211,8.33750
7761,20090311,12.21250
7761,20090212,5.56250
7761,20090312,9.60000
7761,20090213,4.33750
7761,20090313,9.95000
7761,20090214,3.41250
7761,20090314,11.96250
7761,20090215,4.06250
7761,20090315,12.46250
7761,20090216,3.88750
7761,20090316,11.57500
7761,20090217,5.90000
7761,20090317,11.71250
7761,20090218,7.51250
7761,20090318,10.48750
7761,20090219,6.95000
7761,20090319,10.88750
7761,20090220,6.06250
7761,20090320,8.97500
7761,20090221,6.27500
7761,20090321,5.72500
7761,20090222,7.27500
7761,20090322,7.56250
7761,20090223,9.58750
7761,20090323,9.22500
7761,20090224,8.78750
7761,20090324,10.43750
7761,20090225,8.80000
7761,20090325,8.88750
7761,20090226,7.72500
7761,20090326,12.47500
7761,20090227,11.08750
7761,20090327,11.30000
7761,20090228,5.70000
7761,20090328,10.24286
7790,20090201,8.41250
7790,20090301,11.75000
7790,20090202,10.15000
7790,20090302,11.61250
7790,20090203,10.68750
7790,20090303,11.58750
7790,20090204,11.70000
7790,20090304,10.98750
7790,20090205,11.10000
7790,20090305,9.22500
7790,20090206,11.76250
7790,20090306,8.03750
7790,20090207,10.68750
7790,20090307,11.80000
7790,20090208,8.46250
7790,20090308,12.06250
7790,20090209,9.26250
7790,20090309,10.78750
7790,20090210,10.88750
7790,20090310,10.65000
7790,20090211,10.30000
7790,20090311,11.55000
7790,20090212,6.65000
7790,20090312,9.51250
7790,20090213,3.10000
7790,20090313,9.67500
7790,20090214,3.77500
7790,20090314,10.78750
7790,20090215,6.03750
7790,20090315,11.90000
7790,20090216,5.60000
7790,20090316,11.70000
7790,20090217,6.41250
7790,20090317,11.11250
7790,20090218,5.15000
7790,20090318,12.48750
7790,20090219,3.32500
7790,20090319,10.92857
7790,20090220,6.01250
7790,20090320,8.35000
7790,20090221,7.30000
7790,20090321,8.27500
7790,20090222,8.57500
7790,20090322,10.36250
7790,20090223,9.26250
7790,20090323,11.51250
7790,20090224,9.21250
7790,20090324,10.82500
7790,20090225,7.90000
7790,20090325,11.67500
7790,20090226,7.73750
7790,20090326,13.42500
7790,20090227,8.88750
7790,20090327,11.73750
7790,20090228,5.60000
7790,20090328,11.28571
61968,20090201,27.86250
61968,20090301,28.50000
61968,20090202,29.70000
61968,20090302,28.97500
61968,20090203,28.30000
61968,20090303,29.57143
61968,20090204,27.91250
61968,20090304,27.98750
61968,20090205,27.38750
61968,20090305,28.00000
61968,20090206,27.55714
61968,20090306,28.37500
61968,20090207,27.33750
61968,20090307,29.12500
61968,20090208,28.00000
61968,20090308,28.88750
61968,20090209,28.56250
61968,20090309,29.11250
61968,20090210,28.16250
61968,20090310,27.90000
61968,20090211,28.42500
61968,20090311,27.58750
61968,20090212,28.26250
61968,20090312,27.26250
61968,20090213,27.73750
61968,20090313,27.82500
61968,20090214,26.46250
61968,20090314,27.50000
61968,20090215,28.76250
61968,20090315,27.37500
61968,20090216,28.61250
61968,20090316,28.48571
61968,20090217,28.45000
61968,20090317,28.50000
61968,20090218,28.81250
61968,20090318,27.87500
61968,20090219,28.83750
61968,20090319,28.22500
61968,20090220,28.36250
61968,20090320,27.67500
61968,20090221,28.20000
61968,20090321,26.90000
61968,20090222,29.02500
61968,20090322,26.96250
61968,20090223,28.51250
61968,20090323,27.91250
61968,20090224,29.42500
61968,20090324,27.80000
61968,20090225,28.97500
61968,20090325,28.80000
61968,20090226,27.87500
61968,20090326,28.47500
61968,20090227,29.27500
61968,20090327,27.55000
61968,20090228,27.30000
61968,20090328,28.48571
61970,20090201,29.03750
61970,20090301,29.15000
61970,20090202,29.33750
61970,20090302,29.16250
61970,20090203,28.95000
61970,20090303,27.72857
61970,20090204,28.86250
61970,20090304,26.85000
61970,20090205,29.30000
61970,20090305,28.65714
61970,20090206,27.54286
61970,20090306,28.92500
61970,20090207,29.78750
61970,20090307,29.45000
61970,20090208,28.85000
61970,20090308,30.16250
61970,20090209,28.37500
61970,20090309,28.86250
61970,20090210,27.41250
61970,20090310,29.60000
61970,20090211,28.73750
61970,20090311,29.37500
61970,20090212,28.60000
61970,20090312,29.28750
61970,20090213,28.46250
61970,20090313,28.61250
61970,20090214,29.26250
61970,20090314,28.22500
61970,20090215,29.41250
61970,20090315,29.35000
61970,20090216,29.64286
61970,20090316,29.40000
61970,20090217,29.61250
61970,20090317,28.78750
61970,20090218,30.00000
61970,20090318,28.88750
61970,20090219,29.95000
61970,20090319,29.38750
61970,20090220,29.93750
61970,20090320,28.33750
61970,20090221,26.73750
61970,20090321,26.33750
61970,20090222,28.53750
61970,20090322,28.52500
61970,20090223,29.53750
61970,20090323,27.37500
61970,20090224,28.88750
61970,20090324,28.38750
61970,20090225,28.96250
61970,20090325,27.97500
61970,20090226,29.75000
61970,20090326,28.30000
61970,20090227,29.28750
61970,20090327,28.56250
61970,20090228,26.00000
61970,20090328,28.50000
61972,20090201,29.12500
61972,20090301,27.88750
61972,20090202,28.58750
61972,20090302,26.10000
61972,20090203,28.18750
61972,20090303,27.98571
61972,20090204,28.36250
61972,20090304,28.22500
61972,20090205,29.36250
61972,20090305,28.40000
61972,20090206,28.65714
61972,20090306,27.36250
61972,20090207,28.07143
61972,20090307,27.08750
61972,20090208,28.35000
61972,20090308,27.02500
61972,20090209,28.08750
61972,20090309,27.30000
61972,20090210,28.03750
61972,20090310,27.48750
61972,20090211,28.28750
61972,20090311,26.60000
61972,20090212,28.12500
61972,20090312,26.97500
61972,20090213,28.63750
61972,20090313,27.61250
61972,20090214,29.06250
61972,20090314,27.93750
61972,20090215,29.12500
61972,20090315,28.02500
61972,20090216,28.93750
61972,20090316,28.51429
61972,20090217,29.03750
61972,20090317,27.78750
61972,20090218,28.58750
61972,20090318,28.26250
61972,20090219,28.70000
61972,20090319,27.95714
61972,20090220,28.88750
61972,20090320,27.98750
61972,20090221,29.30000
61972,20090321,26.13750
61972,20090222,29.13750
61972,20090322,25.63750
61972,20090223,28.96250
61972,20090323,25.22500
61972,20090224,28.57500
61972,20090324,24.90000
61972,20090225,28.66250
61972,20090325,26.17500
61972,20090226,28.30000
61972,20090326,26.68750
61972,20090227,28.18750
61972,20090327,26.35000
61972,20090228,25.00000
61972,20090328,27.17143
61976,20090201,29.42500
61976,20090301,28.87143
61976,20090202,28.75000
61976,20090302,28.98571
61976,20090203,28.97500
61976,20090303,29.37143
61976,20090204,29.82500
61976,20090304,29.27500
61976,20090205,27.40000
61976,20090305,28.88750
61976,20090206,27.61250
61976,20090306,28.93750
61976,20090207,29.18750
61976,20090307,29.41250
61976,20090208,29.02500
61976,20090308,28.92500
61976,20090209,29.02500
61976,20090309,26.95000
61976,20090210,28.42500
61976,20090310,29.00000
61976,20090211,28.53750
61976,20090311,28.90000
61976,20090212,28.37500
61976,20090312,29.37143
61976,20090213,28.46250
61976,20090313,29.18750
61976,20090214,29.03750
61976,20090314,28.33750
61976,20090215,28.58750
61976,20090315,28.08750
61976,20090216,28.27500
61976,20090316,28.32500
61976,20090217,28.75000
61976,20090317,28.90000
61976,20090218,28.91250
61976,20090318,28.73750
61976,20090219,27.41250
61976,20090319,28.88750
61976,20090220,29.08750
61976,20090320,29.61250
61976,20090221,29.03750
61976,20090321,29.46250
61976,20090222,28.78750
61976,20090322,29.18750
61976,20090223,28.91250
61976,20090323,29.23750
61976,20090224,29.16250
61976,20090324,28.92500
61976,20090225,28.83750
61976,20090325,28.81250
61976,20090226,28.65000
61976,20090326,28.61429
61976,20090227,29.00000
61976,20090327,28.31250
61976,20090228,26.00000
61976,20090328,28.41429
61980,20090201,26.02500
61980,20090301,25.22500
61980,20090202,27.18750
61980,20090302,26.02500
61980,20090203,26.60000
61980,20090303,26.08571
61980,20090204,28.46250
61980,20090304,28.00000
61980,20090205,27.63750
61980,20090305,28.57143
61980,20090206,27.87143
61980,20090306,27.73750
61980,20090207,27.25000
61980,20090307,27.28750
61980,20090208,27.96250
61980,20090308,26.78750
61980,20090209,28.03750
61980,20090309,26.46250
61980,20090210,27.30000
61980,20090310,25.86250
61980,20090211,26.77500
61980,20090311,26.48750
61980,20090212,27.11250
61980,20090312,26.01250
61980,20090213,27.15000
61980,20090313,26.01250
61980,20090214,27.91250
61980,20090314,25.73750
61980,20090215,28.05000
61980,20090315,25.95000
61980,20090216,28.15000
61980,20090316,26.68571
61980,20090217,27.72500
61980,20090317,26.87500
61980,20090218,28.28750
61980,20090318,26.46250
61980,20090219,27.82500
61980,20090319,25.08750
61980,20090220,28.21250
61980,20090320,27.46250
61980,20090221,27.63750
61980,20090321,26.97500
61980,20090222,27.28750
61980,20090322,27.05000
61980,20090223,27.33750
61980,20090323,26.48750
61980,20090224,27.57500
61980,20090324,26.37500
61980,20090225,26.03750
61980,20090325,26.22500
61980,20090226,26.57500
61980,20090326,26.35000
61980,20090227,25.77500
61980,20090327,27.02500
61980,20090228,22.90000
61980,20090328,27.71429
61996,20090201,16.00000
61996,20090301,18.86250
61996,20090202,15.07500
61996,20090302,17.81250
61996,20090203,16.73750
61996,20090303,14.73750
61996,20090204,17.33750
61996,20090304,14.06250
61996,20090205,16.25000
61996,20090305,15.02500
61996,20090206,16.15000
61996,20090306,15.85000
61996,20090207,15.27500
61996,20090307,16.46250
61996,20090208,16.23750
61996,20090308,12.12500
61996,20090209,18.08750
61996,20090309,11.46250
61996,20090210,14.60000
61996,20090310,13.45000
61996,20090211,15.83750
61996,20090311,15.77500
61996,20090212,17.90000
61996,20090312,17.11250
61996,20090213,16.56250
61996,20090313,16.37500
61996,20090214,14.77500
61996,20090314,12.78750
61996,20090215,16.12500
61996,20090315,12.95000
61996,20090216,17.63750
61996,20090316,13.83750
61996,20090217,16.06250
61996,20090317,15.52500
61996,20090218,13.66250
61996,20090318,16.96250
61996,20090219,14.81250
61996,20090319,18.06250
61996,20090220,15.60000
61996,20090320,18.08750
61996,20090221,17.45000
61996,20090321,17.96250
61996,20090222,15.51250
61996,20090322,18.26250
61996,20090223,15.48750
61996,20090323,16.05000
61996,20090224,16.96250
61996,20090324,18.10000
61996,20090225,18.10000
61996,20090325,17.13750
61996,20090226,16.18750
61996,20090326,13.16250
61996,20090227,17.77500
61996,20090327,13.26250
61996,20090228,16.70000
61996,20090328,15.85714
61997,20090201,7.51250
61997,20090301,5.13750
61997,20090202,6.81250
61997,20090302,5.53750
61997,20090203,8.75000
61997,20090303,9.63750
61997,20090204,7.95000
61997,20090304,10.06250
61997,20090205,7.20000
61997,20090305,5.87500
61997,20090206,6.73750
61997,20090306,8.66250
61997,20090207,6.81250
61997,20090307,5.31250
61997,20090208,5.38750
61997,20090308,6.50000
61997,20090209,4.88750
61997,20090309,8.60000
61997,20090210,7.76250
61997,20090310,4.62500
61997,20090211,6.50000
61997,20090311,6.25000
61997,20090212,5.31250
61997,20090312,5.15000
61997,20090213,11.58750
61997,20090313,6.27500
61997,20090214,11.22500
61997,20090314,8.93750
61997,20090215,4.83750
61997,20090315,6.22500
61997,20090216,6.52500
61997,20090316,7.37500
61997,20090217,7.58750
61997,20090317,12.01250
61997,20090218,8.67500
61997,20090318,10.75000
61997,20090219,9.25000
61997,20090319,7.31250
61997,20090220,8.75000
61997,20090320,7.42500
61997,20090221,10.07500
61997,20090321,7.38750
61997,20090222,10.22500
61997,20090322,7.13750
61997,20090223,6.65000
61997,20090323,8.95000
61997,20090224,11.80000
61997,20090324,4.07500
61997,20090225,7.72500
61997,20090325,4.07500
61997,20090226,9.40000
61997,20090326,7.13750
61997,20090227,8.82500
61997,20090327,4.77500
61997,20090228,9.00000
61997,20090328,5.41429
61998,20090201,4.45000
61998,20090301,11.70000
61998,20090202,5.61250
61998,20090302,5.61250
61998,20090203,9.23750
61998,20090303,5.72500
61998,20090204,12.31429
61998,20090304,10.53750
61998,20090205,9.10000
61998,20090305,9.45000
61998,20090206,7.61250
61998,20090306,7.21250
61998,20090207,7.97500
61998,20090307,5.83750
61998,20090208,7.48750
61998,20090308,4.42500
61998,20090209,5.01250
61998,20090309,6.25000
61998,20090210,4.91250
61998,20090310,7.55000
61998,20090211,8.57500
61998,20090311,7.72500
61998,20090212,8.51250
61998,20090312,7.77500
61998,20090213,6.87500
61998,20090313,5.42500
61998,20090214,11.62500
61998,20090314,7.22500
61998,20090215,8.13750
61998,20090315,7.55000
61998,20090216,6.12500
61998,20090316,7.28750
61998,20090217,6.27500
61998,20090317,10.92500
61998,20090218,10.85000
61998,20090318,8.30000
61998,20090219,7.50000
61998,20090319,10.11250
61998,20090220,9.60000
61998,20090320,8.42500
61998,20090221,7.33750
61998,20090321,8.70000
61998,20090222,9.75000
61998,20090322,7.05000
61998,20090223,10.03750
61998,20090323,6.63750
61998,20090224,9.01250
61998,20090324,7.56250
61998,20090225,9.56250
61998,20090325,3.80000
61998,20090226,7.37500
61998,20090326,3.30000
61998,20090227,7.97500
61998,20090327,8.01250
61998,20090228,4.90000
61998,20090328,6.10000
67005,20090201,28.40000
67005,20090301,27.01250
67005,20090202,28.53750
67005,20090302,28.37500
67005,20090203,28.17500
67005,20090303,27.68571
67005,20090204,27.41250
67005,20090304,28.17500
67005,20090205,27.00000
67005,20090305,28.84286
67005,20090206,27.20000
67005,20090306,27.78750
67005,20090207,26.27500
67005,20090307,28.10000
67005,20090208,27.72500
67005,20090308,26.95000
67005,20090209,28.87500
67005,20090309,27.93750
67005,20090210,28.66250
67005,20090310,28.16250
67005,20090211,28.11250
67005,20090311,27.55000
67005,20090212,27.33750
67005,20090312,27.86250
67005,20090213,28.33750
67005,20090313,26.97500
67005,20090214,28.71250
67005,20090314,27.77500
67005,20090215,28.80000
67005,20090315,27.47500
67005,20090216,28.06250
67005,20090316,27.14286
67005,20090217,28.48750
67005,20090317,28.03750
67005,20090218,27.81250
67005,20090318,27.02500
67005,20090219,27.68750
67005,20090319,28.02500
67005,20090220,28.26250
67005,20090320,28.38750
67005,20090221,28.42500
67005,20090321,29.01250
67005,20090222,28.17500
67005,20090322,27.90000
67005,20090223,28.11250
67005,20090323,28.72500
67005,20090224,27.76250
67005,20090324,28.81250
67005,20090225,28.46250
67005,20090325,29.16250
67005,20090226,28.66250
67005,20090326,29.12500
67005,20090227,28.01250
67005,20090327,28.81250
67005,20090228,26.60000
67005,20090328,28.67143
71805,20090201,-2.00000
71805,20090301,0.20000
71805,20090202,-1.21250
71805,20090302,1.91667
71805,20090203,1.05000
71805,20090303,4.17500
71805,20090204,2.10000
71805,20090304,-1.20000
71805,20090205,-2.53750
71805,20090305,-5.66250
71805,20090206,-5.88750
71805,20090306,-4.91250
71805,20090207,-5.27500
71805,20090307,0.47500
71805,20090208,-0.42500
71805,20090308,-0.37500
71805,20090209,-3.10000
71805,20090309,-1.57500
71805,20090210,-8.28750
71805,20090310,-1.80000
71805,20090211,-4.41250
71805,20090311,-1.13750
71805,20090212,-2.31667
71805,20090312,-0.78750
71805,20090213,0.77500
71805,20090313,-7.81250
71805,20090214,-4.58750
71805,20090314,-5.40000
71805,20090215,-4.71250
71805,20090315,-1.27500
71805,20090216,-1.66250
71805,20090316,-5.75000
71805,20090217,-3.32500
71805,20090317,-6.55000
71805,20090218,-2.93750
71805,20090318,-3.18750
71805,20090219,-2.17500
71805,20090319,-0.05000
71805,20090220,-0.17500
71805,20090320,-0.96250
71805,20090221,-0.10000
71805,20090321,-3.23750
71805,20090222,-1.32500
71805,20090322,-3.31250
71805,20090223,-1.10000
71805,20090323,-2.35000
71805,20090224,-0.05000
71805,20090324,-0.51250
71805,20090225,-1.27500
71805,20090325,-0.03750
71805,20090226,-1.73750
71805,20090326,0.93750
71805,20090227,-0.08750
71805,20090327,3.73750
71805,20090228,0.10000
71805,20090328,5.18571
78897,20090201,24.41250
78897,20090301,23.81250
78897,20090202,24.18750
78897,20090302,24.90000
78897,20090203,24.65000
78897,20090303,24.72500
78897,20090204,25.51250
78897,20090304,24.20000
78897,20090205,24.52500
78897,20090305,23.50000
78897,20090206,24.15000
78897,20090306,23.55000
78897,20090207,23.23750
78897,20090307,23.72500
78897,20090208,23.01250
78897,20090308,23.01250
78897,20090209,24.07500
78897,20090309,22.67500
78897,20090210,24.02500
78897,20090310,22.35000
78897,20090211,23.16250
78897,20090311,24.15000
78897,20090212,24.45000
78897,20090312,23.10000
78897,20090213,23.82500
78897,20090313,23.85000
78897,20090214,24.21250
78897,20090314,24.96250
78897,20090215,24.30000
78897,20090315,23.38750
78897,20090216,24.51250
78897,20090316,24.27500
78897,20090217,24.47500
78897,20090317,24.22500
78897,20090218,23.75000
78897,20090318,23.87500
78897,20090219,23.98750
78897,20090319,24.91250
78897,20090220,24.51250
78897,20090320,24.93750
78897,20090221,24.96250
78897,20090321,24.88750
78897,20090222,24.96250
78897,20090322,23.76250
78897,20090223,25.22500
78897,20090323,24.15000
78897,20090224,25.01250
78897,20090324,23.60000
78897,20090225,24.92500
78897,20090325,24.51250
78897,20090226,23.77500
78897,20090326,24.36250
78897,20090227,24.71250
78897,20090327,23.42500
78897,20090228,23.70000
78897,20090328,24.22857
78922,20090201,25.43750
78922,20090202,25.52500
78922,20090203,25.76250
78922,20090204,25.37500
78922,20090304,26.53333
78922,20090205,25.42500
78922,20090305,25.45000
78922,20090206,24.42500
78922,20090306,25.82500
78922,20090207,25.52500
78922,20090307,24.78750
78922,20090208,25.35000
78922,20090308,24.61250
78922,20090209,25.52500
78922,20090309,25.06250
78922,20090210,25.50000
78922,20090310,24.97500
78922,20090211,25.45000
78922,20090311,25.26250
78922,20090212,25.20000
78922,20090312,25.42500
78922,20090213,25.27500
78922,20090313,25.12500
78922,20090214,25.22500
78922,20090314,25.25000
78922,20090215,25.15000
78922,20090315,25.23750
78922,20090216,25.77500
78922,20090316,25.32500
78922,20090217,26.35000
78922,20090317,24.51250
78922,20090218,25.57500
78922,20090318,25.50000
78922,20090219,25.43750
78922,20090319,25.28750
78922,20090220,25.10000
78922,20090320,25.36250
78922,20090221,25.08750
78922,20090321,25.96250
78922,20090222,25.33333
78922,20090322,25.47500
78922,20090323,25.42500
78922,20090324,25.85000
78922,20090325,26.15000
78922,20090326,25.45000
78922,20090327,25.40000
78922,20090328,25.45714
78925,20090201,25.50000
78925,20090301,24.65000
78925,20090202,25.42500
78925,20090302,25.17500
78925,20090203,25.72500
78925,20090303,25.62500
78925,20090204,25.60000
78925,20090304,25.81250
78925,20090205,25.40000
78925,20090305,24.83750
78925,20090206,23.56250
78925,20090306,24.95000
78925,20090207,25.02500
78925,20090307,23.87500
78925,20090208,25.05000
78925,20090308,24.27143
78925,20090209,25.65000
78925,20090309,24.23750
78925,20090210,25.73750
78925,20090310,24.11250
78925,20090211,25.61250
78925,20090311,24.32500
78925,20090212,25.22500
78925,20090312,24.30000
78925,20090213,25.36250
78925,20090313,24.83750
78925,20090214,25.03750
78925,20090314,25.38750
78925,20090215,25.26250
78925,20090315,25.38750
78925,20090216,25.66250
78925,20090316,25.50000
78925,20090217,26.22500
78925,20090317,24.81250
78925,20090218,24.66667
78925,20090318,25.43750
78925,20090219,25.41250
78925,20090319,25.63750
78925,20090220,25.28750
78925,20090320,25.55000
78925,20090221,24.90000
78925,20090321,26.03750
78925,20090222,25.02500
78925,20090322,25.10000
78925,20090223,25.02500
78925,20090323,24.60000
78925,20090224,25.41250
78925,20090324,25.22500
78925,20090225,24.77500
78925,20090325,25.83750
78925,20090226,25.50000
78925,20090326,25.55000
78925,20090227,24.52500
78925,20090327,25.61250
78925,20090228,24.20000
78925,20090328,25.88571
81401,20090201,24.38750
81401,20090301,26.10000
81401,20090202,26.32500
81401,20090302,25.80000
81401,20090203,25.83750
81401,20090303,25.95000
81401,20090204,25.91250
81401,20090304,25.16250
81401,20090205,26.86250
81401,20090305,26.53750
81401,20090206,26.52500
81401,20090306,24.87500
81401,20090207,25.58750
81401,20090307,25.07500
81401,20090208,24.01250
81401,20090308,26.41250
81401,20090209,24.33750
81401,20090309,25.52500
81401,20090210,25.25000
81401,20090310,24.58750
81401,20090211,26.06250
81401,20090311,24.63750
81401,20090212,25.88750
81401,20090312,25.12500
81401,20090213,25.02500
81401,20090313,27.02500
81401,20090214,24.58750
81401,20090314,26.58750
81401,20090215,25.53750
81401,20090315,27.13750
81401,20090216,26.21250
81401,20090316,26.56250
81401,20090217,25.57500
81401,20090317,26.05000
81401,20090218,26.16250
81401,20090318,26.02500
81401,20090219,26.13750
81401,20090319,26.56250
81401,20090220,26.12500
81401,20090320,25.11250
81401,20090221,26.11250
81401,20090321,26.60000
81401,20090222,24.01250
81401,20090322,27.16250
81401,20090223,25.16250
81401,20090323,27.10000
81401,20090224,25.00000
81401,20090324,27.25000
81401,20090225,26.25000
81401,20090325,27.05000
81401,20090226,25.35000
81401,20090326,27.11250
81401,20090227,24.96250
81401,20090327,26.81250
81401,20090228,23.90000
81401,20090328,26.20000
81405,20090201,25.53750
81405,20090301,26.52500
81405,20090202,26.67500
81405,20090302,26.37500
81405,20090203,26.47500
81405,20090303,27.05000
81405,20090204,26.70000
81405,20090304,26.83750
81405,20090205,27.31250
81405,20090305,26.78750
81405,20090206,26.77500
81405,20090306,25.80000
81405,20090207,25.40000
81405,20090307,25.96250
81405,20090208,25.05000
81405,20090308,24.95000
81405,20090209,25.36250
81405,20090309,24.28750
81405,20090210,25.88750
81405,20090310,25.56250
81405,20090211,26.67500
81405,20090311,26.73750
81405,20090212,26.63750
81405,20090312,26.67500
81405,20090213,26.15000
81405,20090313,27.48750
81405,20090214,24.95000
81405,20090314,26.55000
81405,20090215,26.25000
81405,20090315,26.67500
81405,20090216,26.76250
81405,20090316,26.92500
81405,20090217,27.00000
81405,20090317,25.97500
81405,20090218,27.00000
81405,20090318,25.82500
81405,20090219,26.16250
81405,20090319,26.65000
81405,20090220,26.46250
81405,20090320,26.61250
81405,20090221,26.25000
81405,20090321,27.52500
81405,20090222,25.16250
81405,20090322,27.33750
81405,20090223,25.22500
81405,20090323,27.83750
81405,20090224,24.47500
81405,20090324,27.51250
81405,20090225,25.86250
81405,20090325,26.95000
81405,20090226,25.56250
81405,20090326,27.70000
81405,20090227,24.22500
81405,20090327,26.36250
81405,20090228,24.50000
81405,20090328,25.51429
81408,20090201,25.57500
81408,20090301,26.13750
81408,20090202,25.47500
81408,20090302,26.02500
81408,20090203,25.30000
81408,20090303,25.73750
81408,20090204,24.54286
81408,20090304,26.51250
81408,20090205,25.65000
81408,20090305,25.88750
81408,20090206,24.77500
81408,20090306,26.42500
81408,20090207,25.07500
81408,20090307,24.40000
81408,20090208,25.12500
81408,20090308,24.41250
81408,20090209,26.06250
81408,20090309,25.72500
81408,20090210,26.63750
81408,20090310,25.71250
81408,20090211,26.22500
81408,20090311,26.48750
81408,20090212,24.67500
81408,20090312,26.98750
81408,20090213,25.25000
81408,20090313,27.25000
81408,20090214,24.50000
81408,20090314,26.10000
81408,20090215,24.51250
81408,20090315,26.00000
81408,20090216,25.78750
81408,20090316,25.10000
81408,20090217,25.97500
81408,20090317,26.10000
81408,20090218,25.07500
81408,20090318,26.03750
81408,20090219,24.93750
81408,20090319,24.50000
81408,20090220,25.57500
81408,20090320,25.73750
81408,20090221,26.17500
81408,20090321,26.60000
81408,20090222,23.82500
81408,20090322,25.88750
81408,20090223,23.52500
81408,20090323,26.72500
81408,20090224,23.87500
81408,20090324,26.18750
81408,20090225,25.38750
81408,20090325,25.98750
81408,20090226,23.13750
81408,20090326,26.46250
81408,20090227,24.02500
81408,20090327,26.17500
81408,20090228,24.00000
81408,20090328,24.87143
81415,20090201,25.78750
81415,20090301,25.13750
81415,20090202,25.61250
81415,20090302,26.15000
81415,20090203,25.76250
81415,20090303,25.98750
81415,20090204,25.53750
81415,20090304,26.28750
81415,20090205,25.01250
81415,20090305,25.96250
81415,20090206,24.82500
81415,20090306,26.33750
81415,20090207,24.86250
81415,20090307,26.33750
81415,20090208,24.51250
81415,20090308,26.63750
81415,20090209,25.71250
81415,20090309,24.81429
81415,20090210,26.20000
81415,20090310,25.83750
81415,20090211,26.56250
81415,20090311,24.58750
81415,20090212,25.70000
81415,20090312,24.83750
81415,20090213,25.93750
81415,20090313,26.22500
81415,20090214,24.77500
81415,20090314,26.13750
81415,20090215,23.88750
81415,20090315,26.77500
81415,20090216,25.21250
81415,20090316,27.38750
81415,20090217,25.56250
81415,20090317,27.21250
81415,20090218,25.97500
81415,20090318,27.06250
81415,20090219,26.27500
81415,20090319,26.65000
81415,20090220,25.75714
81415,20090320,26.67500
81415,20090221,25.66250
81415,20090321,26.82500
81415,20090222,24.65000
81415,20090322,25.98750
81415,20090223,24.66250
81415,20090224,24.95000
81415,20090324,26.25000
81415,20090225,24.37500
81415,20090325,24.94286
81415,20090226,24.90000
81415,20090326,31.43333
81415,20090227,24.97500
81415,20090327,27.15000
81415,20090228,23.50000
81415,20090328,25.84286
89642,20090201,-3.47500
89642,20090301,-8.80000
89642,20090202,-3.92857
89642,20090302,-10.18571
89642,20090203,-2.17500
89642,20090303,-10.07143
89642,20090204,-1.67500
89642,20090304,-8.02857
89642,20090205,-1.67143
89642,20090305,-10.15714
89642,20090206,-2.57143
89642,20090306,-12.08571
89642,20090207,-3.78571
89642,20090307,-11.73750
89642,20090208,-1.95714
89642,20090308,-10.76667
89642,20090209,-3.73333
89642,20090309,-11.10000
89642,20090210,-4.18333
89642,20090310,-9.01250
89642,20090211,-3.06250
89642,20090311,-5.52857
89642,20090212,-3.07143
89642,20090312,-6.30000
89642,20090213,-4.30000
89642,20090313,-7.91429
89642,20090214,-7.16250
89642,20090314,-7.13750
89642,20090215,-7.70000
89642,20090315,-9.34286
89642,20090216,-8.85714
89642,20090316,-14.68333
89642,20090217,-6.33333
89642,20090317,-11.45000
89642,20090218,-4.55714
89642,20090318,-9.17143
89642,20090219,-1.68750
89642,20090220,-2.12500
89642,20090320,-6.98571
89642,20090221,-4.41667
89642,20090321,-7.80000
89642,20090222,-3.56250
89642,20090322,-5.37500
89642,20090223,-2.03750
89642,20090323,-5.70000
89642,20090224,-3.81250
89642,20090324,-8.27500
89642,20090225,-5.35000
89642,20090325,-13.68750
89642,20090226,-3.18750
89642,20090326,-16.67500
89642,20090227,-6.08750
89642,20090327,-15.82500
89642,20090228,-7.60000
89642,20090328,-14.84286
