20090101,585295717,1.2,5
20090102,649062291,0.4,6
20090103,676288497,-0.6,7
20090104,716023243,-2.3,1
20090105,812006421,-3,2
20090106,841984402,-3.3,3
20090107,873868785,-3.4,4
20090108,866001991,-4,5
20090109,807698616,-3.3,6
20090110,746899422,-3.4,7
20090111,749329564,-4.5,1
20090112,797527100,-4,2
20090113,758784544,-1.5,3
20090114,729717381,0,4
20090115,724680743,0,5
20090116,701457769,0.7,6
20090117,630529852,2.9,7
20090118,595990531,6.2,1
20090119,604883166,8,2
20090120,643786443,5.9,3
20090121,674698890,3.9,4
20090122,674208316,3.2,5
20090123,612739514,4.9,6
20090124,610846345,4.6,7
20090125,612587634,3.8,1
20090126,675339530,3.7,2
20090127,683623265,3.5,3
20090128,694390510,2.6,4
20090129,703600286,0.9,5
20090130,683446580,1.1,6
20090131,622582514,2.6,7
20090201,618094929,2.9,1
20090202,653996452,4.1,2
20090203,666774967,3.4,3
20090204,620183721,5.9,4
20090205,566265829,7.7,5
20090206,574290373,5.7,6
20090207,606861647,3.2,7
20090208,644688816,1.4,1
20090209,632597202,4,2
20090210,607476298,5.9,3
20090211,657608474,4.1,4
20090212,706596916,1.9,5
20090213,699299233,0.9,6
20090214,685782354,0.3,7
20090215,693065432,-0.5,1
20090216,725395656,-0.1,2
20090217,678115212,1.4,3
20090218,658906748,1.9,4
20090219,694929542,0.6,5
20090220,649182948,1.5,6
20090221,581955935,3.3,7
20090222,590330874,3.5,1
20090223,606600074,4.4,2
20090224,609281516,4.6,3
20090225,609233279,4.1,4
20090226,575568822,5.2,5
20090227,522894546,6.2,6
20090228,450333386,9.3,7
20090301,450866408,10.2,1
20090302,524604857,8.6,2
20090303,542603163,7.9,3
20090304,586960821,6.6,4
20090305,623930463,4.5,5
20090306,620504923,2.8,6
20090307,533659628,3.5,7
20090308,493600451,6.6,1
20090309,556985603,6,2
20090310,571623275,6.2,3
20090311,545450916,6,4
20090312,524323831,5.9,5
20090313,451508564,8,6
20090314,392943958,10.8,7
20090315,393283843,10.5,1
20090316,435805918,9.5,2
20090317,422317344,9.5,3
20090318,407967332,9.4,4
20090319,415811618,9.1,5
20090320,490375566,6.1,6
20090321,483436654,4.7,7
20090322,453896602,5.8,1
20090323,462239421,8.1,2
20090324,526438612,5.7,3
20090325,530816235,6.2,4
20090326,465826945,8.4,5
20090327,411179408,11.2,6
20090328,406626634,9.1,7
20090329,450057761,7.9,1
20090330,492804147,6.6,2
20090331,439927743,8.1,3
20090401,369740657,9.8,4
20090402,355296452,11.1,5
20090403,317223099,12.4,6
20090404,267769648,12.4,7
20090405,250748623,13,1
20090406,265613880,14.8,2
20090407,297564310,13.5,3
20090408,294052052,12.9,4
20090409,263307697,14.2,5
20090410,237951175,15.2,6
20090411,230384424,15.2,7
20090412,227433540,15.2,1
20090413,227557320,14.9,2
20090414,238623384,15.9,3
20090415,252511495,15.2,4
20090416,280527544,12.3,5
20090417,272933200,11.7,6
20090418,239648091,11.6,7
20090419,234825161,12.6,1
20090420,267957619,13.3,2
20090421,251979618,15.1,3
20090422,231147031,15.5,4
20090423,225060037,14,5
20090424,214155464,14,6
20090425,190810987,15.5,7
20090426,226361621,13.1,1
20090427,272698485,12,2
20090428,276951169,11.8,3
20090429,286421296,10.6,4
20090430,248024296,11.2,5
20090501,189886155,12.8,6
20090502,173633172,14.5,7
20090503,170370143,15.4,1
20090504,220001633,14,2
20090505,224780398,13.2,3
20090506,203815997,14.7,4
20090507,179241115,18.4,5
20090508,157077016,17.6,6
20090509,150013859,18.6,7
20090510,153591436,18.1,1
20090511,177461712,20.1,2
20090512,175573480,20,3
20090513,176509905,19.2,4
20090514,182772205,17.4,5
20090515,191962762,14.4,6
20090516,158573404,16.3,7
20090517,153087652,17.9,1
20090518,177403768,17.4,2
20090519,177121969,19.4,3
20090520,156254343,21.7,4
20090521,128894063,22.8,5
20090522,132582432,22.5,6
20090523,121613581,23.7,7
20090524,116899684,25.2,1
20090525,153192452,26,2
20090526,159514015,20.5,3
20090527,166889247,17.5,4
20090528,165052493,17.2,5
20090529,151622107,18.4,6
20090530,129236671,19.1,7
20090531,122313629,19.7,1
20090601,130689399,18.8,2
20090602,158851164,20.7,3
20090603,163647730,20.8,4
20090604,166743886,19.8,5
20090605,160924140,18.3,6
20090606,136468224,16.9,7
20090607,133920989,17.5,1
20090608,169867763,17.2,2
20090609,174667320,18,3
20090610,170966733,19.6,4
20090611,166298582,19.4,5
20090612,154202774,19.9,6
20090613,125078268,21.7,7
20090614,121964504,23.2,1
20090615,152202993,22.6,2
20090616,154440503,21,3
20090617,151995144,22.6,4
20090618,150264512,23.8,5
20090619,146131609,20.6,6
20090620,126983454,18.1,7
20090621,126575475,17.3,1
20090622,159353798,16.9,2
20090623,162510229,17.5,3
20090624,159728943,19.1,4
20090625,154714511,21.9,5
20090626,148871376,20.8,6
20090627,126345435,20.7,7
20090628,120883451,22.1,1
20090629,147577237,25.7,2
20090630,150950115,25.9,3
20090701,149123721,26.3,4
20090702,150298978,26,5
20090703,143691394,25.3,6
20090704,119088333,25,7
20090705,117281733,23.6,1
20090706,148564277,23.4,2
20090707,154891236,20.8,3
20090708,158264068,20.1,4
20090709,154149741,19.6,5
20090710,146715568,18.8,6
20090711,119124771,19.8,7
20090712,112073736,23.2,1
20090713,124527791,25.6,2
20090714,121121355,25.1,3
20090715,148798986,24.2,4
20090716,148461127,26.2,5
20090717,148611705,20.2,6
20090718,124813135,19,7
20090719,120632492,19.2,1
20090720,144246379,22.8,2
20090721,143009192,25.2,3
20090722,140706527,26.6,4
20090723,143102989,25.2,5
20090724,135502892,22.6,6
20090725,114845019,20.7,7
20090726,108778849,21.4,1
20090727,136383647,23,2
20090728,139860816,22.8,3
20090729,136977471,25.7,4
20090730,136600233,23.4,5
20090731,127573898,22.6,6
20090801,104147802,24.6,7
20090802,101683072,21.1,1
20090803,116673619,19.9,2
20090804,115796912,21,3
20090805,112548534,22.7,4
20090806,111597239,25.7,5
20090807,106165510,24.8,6
20090808,91031834,24.1,7
20090809,91044146,21.5,1
20090810,107074711,20.6,2
20090811,105119245,22.2,3
20090812,103775760,23.1,4
20090813,104153219,24.7,5
20090814,101474956,24.8,6
20090815,88880135,26.8,7
20090816,90595157,26.5,1
20090817,107519049,26.7,2
20090818,108867877,27.3,3
20090819,108024405,28.7,4
20090820,112393196,29.6,5
20090821,112735946,25.4,6
20090822,100592825,23.6,7
20090823,101764476,22.7,1
20090824,128980372,24.9,2
20090825,138158495,21.5,3
20090826,141691875,21.4,4
20090827,142505171,23.1,5
20090828,139792392,22.3,6
20090829,122310450,20,7
20090830,120470653,19.1,1
20090831,148327648,22.2,2
20090901,155888161,23.1,3
20090902,158465152,20.7,4
20090903,158564992,21.3,5
20090904,151924590,18.7,6
20090905,132912818,16.7,7
20090906,128597172,16.5,1
20090907,159745745,18.4,2
20090908,161218895,19.9,3
20090909,161320689,21,4
20090910,159434595,20.9,5
20090911,154463226,19.2,6
20090912,136737774,18.2,7
20090913,136431983,17.8,1
20090914,174750220,16.2,2
20090915,186916982,13.3,3
20090916,188324181,13.7,4
20090917,184448935,16,5
20090918,170689624,16.5,6
20090919,145191254,18,7
20090920,141823247,17.2,1
20090921,170230484,18.9,2
20090922,171311009,18.3,3
20090923,169251441,18.6,4
20090924,170334317,18.8,5
20090925,165853218,17.2,6
20090926,141600598,16.7,7
20090927,136740414,17,1
20090928,172072803,17.1,2
20090929,178940090,16.9,3
20090930,178920997,16.5,4
20091001,179500891,16.9,5
20091002,180862501,16,6
20091003,158628034,14.4,7
20091004,159255653,13.7,1
20091005,195038992,17.4,2
20091006,188629665,20.3,3
20091007,183851575,22.2,4
20091008,187497102,18.8,5
20091009,176141286,17.2,6
20091010,152910468,16.3,7
20091011,155104718,15.9,1
20091012,211542144,13.5,2
20091013,249210522,11.5,3
20091014,292877980,9,4
20091015,385908098,6.2,5
20091016,387970800,7.3,6
20091017,347065112,7.1,7
20091018,365860772,6.7,1
20091019,425315354,7,2
20091020,367390479,11.5,3
20091021,352807935,12.3,4
20091022,346933289,12.4,5
20091023,318678697,11.5,6
20091024,272352509,12.3,7
20091025,254159754,12.1,1
20091026,322098552,11.5,2
20091027,341099180,9.9,3
20091028,339097924,10.2,4
20091029,339634551,10.3,5
20091030,361869802,8.9,6
20091031,336723191,9.3,7
20091101,319263326,12.3,1
20091102,409127099,10.5,2
20091103,431509001,9.8,3
20091104,436082497,10.4,4
20091105,474598655,8.6,5
20091106,472243569,7.6,6
20091107,460221121,6.9,7
20091108,471644614,6.3,1
20091109,543136926,6.4,2
20091110,544897286,6.2,3
20091111,511713811,4.8,4
20091112,493616017,6.7,5
20091113,429946352,11.3,6
20091114,374450991,13.6,7
20091115,376484889,14.2,1
20091116,390117846,14.5,2
20091117,398076144,15.2,3
20091118,431452563,11.9,4
20091119,446440841,10.8,5
20091120,400981394,12.8,6
20091121,364504518,14.2,7
20091122,382836250,13.8,1
20091123,433153653,13.4,2
20091124,437141665,11.7,3
20091125,450866199,11.9,4
20091126,456841337,10.3,5
20091127,469951842,9.7,6
20091128,432071500,10.1,7
20091129,438036230,10.4,1
20091130,546675102,7.3,2
20091201,588931103,6.2,3
20091202,577060019,6.8,4
20091203,561515987,7.1,5
20091204,595551851,4.8,6
20091205,517816430,5.7,7
20091206,463207268,9.2,1
20091207,489870040,10.7,2
20091208,525900137,8.8,3
20091209,510451232,8.6,4
20091210,519518553,8.1,5
20091211,559924097,7,6
20091212,574501979,4.5,7
20091213,624006515,2.4,1
20091214,716668297,0.8,2
20091215,775415247,-0.5,3
20091216,800326210,-1,4
20091217,805908100,-1.3,5
20091218,790218285,-1.4,6
20091219,813819937,-4.2,7
20091220,766167173,-2.9,1
20091221,692119022,3.5,2
20091222,570583894,8.2,3
20091223,572820154,6.6,4
20091224,485428840,9.7,5
20091225,512403094,6.1,6
20091226,587806185,2.2,7
20091227,571622785,2.1,1
20091228,571404429,3.7,2
20091229,478435470,9,3
20091230,458828154,10.6,4
20091231,460676251,9.9,5
20100101,536799656,6.3,6
20100102,649885746,2,7
20100103,700085452,-0.2,1
20100104,791615777,-1.5,2
20100105,808553239,-1.9,3
20100106,812786762,-2.4,4
20100107,832619547,-1.4,5
20100108,849185483,-1.5,6
20100109,839346468,-2.8,7
20100110,827643159,-2.9,1
20100111,885347476,-3,2
20100112,851569469,-0.8,3
20100113,759459527,2.1,4
20100114,748661092,2.6,5
20100115,716840106,3.4,6
20100116,647837188,5.5,7
20100117,618689186,6,1
20100118,700483286,4.5,2
20100119,732773650,1.4,3
20100120,722562583,1.5,4
20100121,708985295,2.1,5
20100122,704234010,1.4,6
20100123,659294165,1,7
20100124,628105223,2.7,1
20100125,708057750,3.6,2
20100126,784658933,2,3
20100127,834889742,-0.6,4
20100128,799286371,-0.9,5
20100129,729310894,1.6,6
20100130,721326454,1,7
20100131,773671542,-0.6,1
20100201,834460063,-0.8,2
20100202,775551013,1.3,3
20100203,722394877,2.6,4
20100204,677919367,5.6,5
20100205,650274972,5.3,6
20100206,598417648,5.9,7
20100207,629998598,4.3,1
20100208,691086134,3.4,2
20100209,745803230,1.4,3
20100210,827335684,-1.8,4
20100211,897244005,-3.2,5
20100212,865189002,-2.7,6
20100213,807981207,-2.1,7
20100214,799288761,-1.7,1
20100215,835622031,-2,2
20100216,778353424,-0.4,3
20100217,680768350,3.3,4
20100218,608240069,7.2,5
20100219,654683282,6.2,6
20100220,631343475,4.6,7
20100221,585168171,6.5,1
20100222,578735443,9,2
20100223,554886500,9.8,3
20100224,552876812,9.8,4
20100225,524721281,10.5,5
20100226,526537812,9.4,6
20100227,492541056,9.9,7
20100228,471562948,10.5,1
20100301,554558211,8.5,2
20100302,531234131,8.4,3
20100303,583153982,6.5,4
20100304,611616671,4.7,5
20100305,658584386,2.8,6
20100306,630912640,1.5,7
20100307,694621449,-0.2,1
20100308,752562965,0.2,2
20100309,792332467,-0.4,3
20100310,792544743,-0.4,4
20100311,774906018,-0.1,5
20100312,717562256,1,6
20100313,618331429,3,7
20100314,596061674,4.3,1
20100315,600278969,5.5,2
20100316,564820869,6.1,3
20100317,517701367,9.3,4
20100318,485797775,11.1,5
20100319,411024153,13.8,6
20100320,382082313,14.2,7
20100321,388018835,13.7,1
20100322,433317058,11.3,2
20100323,402566735,11.9,3
20100324,391570690,13.9,4
20100325,383128128,15,5
20100326,433915420,11.4,6
20100327,396065455,10.6,7
20100328,396322477,10.4,1
20100329,401747555,12.8,2
20100330,471419269,10.5,3
20100331,484810780,9.9,4
20100401,449078730,7.7,5
20100402,407148651,9.9,6
20100403,374166463,10.5,7
20100404,360560868,10.4,1
20100405,373790947,9.2,2
20100406,366604745,12,3
20100407,376924199,11.5,4
20100408,393848733,10.8,5
20100409,341714692,12,6
20100410,277891249,12.4,7
20100411,307999162,10.7,1
20100412,410739822,8.7,2
20100413,396624821,8.6,3
20100414,373240015,9.7,4
20100415,359903062,10.5,5
20100416,332812488,11.5,6
20100417,285844101,11.8,7
20100418,253364588,13.8,1
20100419,275237117,14.6,2
20100420,265215427,14.7,3
20100421,252090185,15.4,4
20100422,245238603,16,5
20100423,243975913,14.9,6
20100424,194092783,16,7
20100425,181328267,18,1
20100426,221820863,17.7,2
20100427,230825259,17.4,3
20100428,216392051,18.8,4
20100429,209953663,19.9,5
20100430,203100515,18,6
20100501,176388649,15.5,7
20100502,205171306,13.2,1
20100503,298313670,11.5,2
20100504,361957831,10.3,3
20100505,415307620,7.6,4
20100506,403810576,7.6,5
20100507,334861470,10.2,6
20100508,274338578,12.5,7
20100509,265625265,13.3,1
20100510,269430858,15,2
20100511,283227561,13.3,3
20100512,294811771,12.2,4
20100513,282389696,11.2,5
20100514,290773048,11,6
20100515,284294575,10.7,7
20100516,261215228,11.9,1
20100517,278370481,12.7,2
20100518,257526954,13.9,3
20100519,252145462,13.7,4
20100520,236820826,14.6,5
20100521,200700417,15.5,6
20100522,157309660,17.2,7
20100523,143808586,19.1,1
20100524,149413328,21.5,2
20100525,175480418,22.1,3
20100526,177733661,19.5,4
20100527,171281587,18.1,5
20100528,173962349,17.7,6
20100529,151659383,18.6,7
20100530,155897024,18.2,1
20100531,196508231,16.2,2
20100601,198110948,16.1,3
20100602,189017410,16.7,4
20100603,183956679,17.9,5
20100604,178892352,19.6,6
20100605,144939345,22.8,7
20100606,144491697,21.5,1
20100607,172293099,20.3,2
20100608,173080145,20,3
20100609,181118295,21.2,4
20100610,179464351,22,5
20100611,171494963,19.9,6
20100615,173615339,17.3,3
20100616,181287166,16.9,4
20100617,185283477,16.7,5
20100618,177469380,17.3,6
20100619,160458998,14.7,7
20100620,171661966,13.5,1
20100621,197991228,14.2,2
20100622,187928076,16,3
20100623,177647651,18.2,4
20100624,162785352,19.9,5
20100625,166807463,21.7,6
20100626,150778995,23.1,7
20100627,138050571,24.1,1
20100628,161890917,25,2
20100629,172759936,25.4,3
20100630,182585507,25.3,4
20100701,175993849,26.3,5
20100702,162879784,27.2,6
20100703,129122305,26.4,7
20100704,125310938,25.7,1
20100705,176434565,25.4,2
20100706,179864608,23.6,3
20100707,175910471,23.5,4
20100708,180671532,26,5
20100709,168896921,27.7,6
20100710,125130917,27.3,7
20100711,121640174,27.9,1
20100712,168386275,25.6,2
20100713,164507564,25.8,3
20100714,132029767,26.1,4
20100715,167645888,24.6,5
20100716,160184770,25.2,6
20100717,126321709,21.7,7
20100718,125412013,22.1,1
20100719,166611843,22.8,2
20100720,174052047,26.1,3
20100721,171689190,25.7,4
20100722,174314475,21.7,5
20100723,166345300,19.1,6
20100724,124877041,19,7
20100725,120950354,19.9,1
20100726,161068313,20.9,2
20100727,168252550,20.1,3
20100728,164407302,22,4
20100729,149495190,20.3,5
20100730,140140972,20.1,6
20100731,111439097,21.5,7
20100801,107520914,22,1
20100802,139462314,20.7,2
20100803,130935826,20.5,3
20100804,127008221,20.7,4
20100805,130426034,18.7,5
20100806,121945664,18.7,6
20100807,102727157,19.6,7
20100808,101054001,21.2,1
20100809,115127201,23.1,2
20100810,118154227,24.3,3
20100811,119524426,24.1,4
20100812,123776770,22.1,5
20100813,121374077,21,6
20100814,112548496,20.2,7
20100815,113130390,17.7,1
20100816,144372708,16.9,2
20100817,141907867,18.4,3
20100818,142890386,18.9,4
20100819,140387436,21.5,5
20100820,139787219,23,6
20100821,109804404,24.4,7
20100822,107245580,25.9,1
20100823,149200937,25.8,2
20100824,157884451,22.8,3
20100825,147029071,22.3,4
20100826,161343916,26.1,5
20100827,161897508,24.7,6
20100828,141378787,20.2,7
20100829,135121104,18.3,1
20100830,188473784,16.5,2
20100831,191444631,16.1,3
20100901,192669743,16.5,4
20100902,195614154,18.2,5
20100903,180388361,19.2,6
20100904,151172136,20.1,7
20100905,137527722,20,1
20100906,182037490,21.8,2
20100907,171380938,18.3,3
20100908,189511841,18,4
20100909,192717187,16.5,5
20100910,179982050,16.9,6
20100911,141505323,17.8,7
20100912,141003139,18.7,1
20100913,176270012,17.2,2
20100914,179644771,16.5,3
20100915,181206663,17.7,4
20100916,182340319,17.3,5
20100917,178331538,16.3,6
20100918,157213178,14.5,7
20100919,157293245,13.5,1
20100920,203628607,15.5,2
20100921,204578039,16.9,3
20100922,195572832,18,4
20100923,180013342,19.6,5
20100924,190459369,16.3,6
20100925,174461455,14,7
20100926,191866526,10.7,1
20100927,270882728,10.2,2
20100928,283532714,10.4,3
20100929,273547580,12.3,4
20100930,276919811,12.9,5
20101001,262319903,13.8,6
20101002,200464858,17.4,7
20101003,175506014,19.4,1
20101004,229794986,18.8,2
20101005,243215762,16.3,3
20101006,237396506,16.4,4
20101007,233748785,17.5,5
20101008,223511834,18.1,6
20101009,192928049,18.4,7
20101010,185552610,16.5,1
20101011,255474174,14.8,2
20101012,259001001,13.6,3
20101013,296372752,12.1,4
20101014,330964356,10.8,5
20101015,342706076,9.4,6
20101016,332641689,9.3,7
20101017,376001597,8.3,1
20101018,452827795,7.8,2
20101019,438499334,8.2,3
20101020,455217335,7.8,4
20101021,490203010,6.5,5
20101022,451077711,9.8,6
20101023,372456752,12.1,7
20101024,387446488,10.1,1
20101025,514495118,8,2
20101026,522185507,6.7,3
20101027,504175575,6,4
20101028,465620514,7.1,5
20101029,436376059,11.8,6
20101030,396822969,11.8,7
20101031,390824529,11.8,1
20101101,417908649,12.2,2
20101102,478766943,10.8,3
20101103,452003654,11.8,4
20101104,420900546,13.7,5
20101105,408919313,14.7,6
20101106,368774572,14.7,7
20101107,431601870,10.5,1
20101108,567802195,8.3,2
20101109,546902371,9.2,3
20101110,553846453,9,4
20101111,504640286,9,5
20101112,415685727,11.7,6
20101113,358613053,14.2,7
20101114,361281686,16.1,1
20101115,522779151,10.6,2
20101116,580475992,8.6,3
20101117,579644560,7.3,4
20101118,560412878,7.8,5
20101119,561733703,8.1,6
20101120,524626783,8.1,7
20101121,496182063,7.3,1
20101122,615015271,5.8,2
20101123,667347171,4.6,3
20101124,683890795,3.8,4
20101125,708210511,3.3,5
20101126,751467211,1.3,6
20101127,696492053,1.6,7
20101128,675695255,1.8,1
20101129,770380408,1.9,2
20101130,813020445,-0.7,3
20101201,798097818,-0.9,4
20101202,826395724,-3,5
20101203,841393759,-2.7,6
20101204,790268885,-3.1,7
20101205,687813267,3.2,1
20101206,631304622,9.4,2
20101207,577873386,12.4,3
20101208,559067696,13.3,4
20101209,722894863,6.2,5
20101210,750535908,3.4,6
20101211,667907856,2.8,7
20101212,665708920,3.1,1
20101213,800212616,1.6,2
20101214,879432522,-1.1,3
20101215,913656362,-2.4,4
20101216,869090648,-1.7,5
20101217,827433508,-1.7,6
20101218,786552238,-0.7,7
20101219,692689477,3.7,1
20101220,680611099,6.2,2
20101221,638800601,6.8,3
20101222,575359771,9.5,4
20101223,589230303,7.8,5
20101224,667631146,2.7,6
20101225,712684909,-1,7
20101226,759221272,-3.3,1
20101227,774055573,-2.7,2
20101228,692203730,1.2,3
20101229,651627873,2.4,4
20101230,614257034,5,5
20101231,601627477,4.3,6
20110101,593790690,2.8,7
20110102,658608481,1.6,1
20110103,789918715,-1,2
20110104,827572784,-2.4,3
20110105,747421705,1.8,4
20110106,632323725,7.6,5
20110107,527395592,12.7,6
20110108,439528442,14.1,7
20110109,498426347,11.2,1
20110110,644178956,7,2
20110111,645893271,6,3
20110112,603255310,6.3,4
20110113,546147679,8.1,5
20110114,535160929,7.6,6
20110115,498397007,6.8,7
20110116,539703355,5.7,1
20110117,612982999,6.1,2
20110118,622893265,6.5,3
20110119,685066890,4.9,4
20110120,767126581,2.6,5
20110121,804701175,1.2,6
20110122,780979310,-0.5,7
20110123,780629569,-2.2,1
20110124,810028970,-1.1,2
20110125,782173111,0.1,3
20110126,758357232,1.4,4
20110127,753066767,1.3,5
20110128,750191892,0.6,6
20110129,721046113,-0.7,7
20110130,749307774,-0.9,1
20110131,815569706,-1.1,2
20110201,843290438,-1.2,3
20110202,824452127,-0.7,4
20110203,752921098,0.9,5
20110204,648817175,4.7,6
20110205,551145007,5.5,7
20110206,573616052,4.2,1
20110207,645483169,4.5,2
20110208,666077166,3.9,3
20110209,676805994,2.9,4
20110210,662034094,3.7,5
20110211,618696310,4.7,6
20110212,560119329,5.8,7
20110213,515816157,8,1
20110214,609638545,7.8,2
20110215,620842180,7.1,3
20110216,625080804,5.6,4
20110217,626555993,5.8,5
20110218,619246813,5.2,6
20110219,552387748,6,7
20110220,554414172,6.4,1
20110221,613835614,7.2,2
20110222,644811915,6.1,3
20110223,647432220,4.7,4
20110224,608294137,5.4,5
20110225,550684440,8,6
20110226,511293433,7.7,7
20110227,553309195,6.8,1
20110228,658840822,5.8,2
20110301,650923766,6,3
20110302,671607287,3.8,4
20110303,650949051,3.4,5
20110304,620257826,3.6,6
20110305,577447025,5,7
20110306,567386098,5.6,1
20110307,617396811,6.4,2
20110308,594544052,7.6,3
20110309,588112007,7.3,4
20110310,569757517,8.9,5
20110311,529676292,10.2,6
20110312,478981138,10.3,7
20110313,474941465,9.4,1
20110314,475386391,10.9,2
20110315,466093133,10.8,3
20110316,455556770,12.1,4
20110317,505938929,10.4,5
20110318,485877912,9.9,6
20110319,461447394,9,7
20110320,483700947,7.7,1
20110321,547545443,7.3,2
20110322,537053362,8.2,3
20110323,493833324,9.4,4
20110324,462615495,12.1,5
20110325,418065421,12.8,6
20110326,334783211,13.3,7
20110327,383502245,11.7,1
20110328,463252551,10.9,2
20110329,448030261,11.5,3
20110330,438434896,13,4
20110331,405135744,13,5
20110401,296642706,13.7,6
20110402,233290867,16.4,7
20110403,236513669,17,1
20110404,333235522,14.2,2
20110405,320145646,13.7,3
20110406,296790722,14.6,4
20110407,275876662,17.8,5
20110408,245383115,18.1,6
20110409,200957816,17.2,7
20110410,197596679,17.5,1
20110411,246919557,17.6,2
20110412,286151188,14,3
20110413,312261899,11.8,4
20110414,326612493,11.2,5
20110415,336169680,11.3,6
20110416,273235871,11.1,7
20110417,234125482,12.7,1
20110418,295271927,14.4,2
20110419,291965931,15.5,3
20110420,277596539,16.2,4
20110421,271693302,16.8,5
20110422,223972154,17,6
20110423,217903287,16,7
20110424,175856960,16.9,1
20110425,180710230,18.1,2
20110426,252079888,17.5,3
20110427,266037171,16.4,4
20110428,281886326,14.5,5
20110429,268395344,13.5,6
20110430,194183359,14.6,7
20110501,168733553,16.6,1
20110502,245382190,18.1,2
20110503,255676125,16.7,3
20110504,261843995,15.4,4
20110505,257802262,16.9,5
20110506,231989714,18.7,6
20110507,169095347,19.8,7
20110508,152198682,20.8,1
20110509,227306963,21.7,2
20110510,232495701,21.5,3
20110511,233786416,21.5,4
20110512,233558054,19.9,5
20110513,216203048,18.9,6
20110514,160268173,16,7
20110515,170512390,13.6,1
20110516,238825563,14,2
20110517,240833926,16.4,3
20110518,234258432,19.1,4
20110519,233353427,20.5,5
20110520,213635241,20.8,6
20110521,176836304,21.5,7
20110522,146452458,21.6,1
20110523,210506787,21.4,2
20110524,210837708,21.5,3
20110525,211245947,21.4,4
20110526,211043373,21.7,5
20110527,211759287,17.6,6
20110528,156638446,17,7
20110529,150368053,19.4,1
20110530,207158267,21.8,2
20110531,220753965,16.6,3
20110601,209222967,13.5,4
20110602,170045933,14.3,5
20110603,165844373,18.2,6
20110604,152775971,19,7
20110605,148479271,19.3,1
20110606,216494400,19.7,2
20110607,220365170,18.7,3
20110608,218810506,15.4,4
20110609,222489027,15.7,5
20110610,214887767,16.5,6
20110611,152526609,16.6,7
20110612,142364267,18.2,1
20110613,155797190,19.2,2
20110614,214358727,21,3
20110615,199035887,21.7,4
20110616,200070467,20.1,5
20110617,195477280,20,6
20110618,151788899,18.5,7
20110619,151133638,17.9,1
20110620,197625208,20.5,2
20110621,189545036,22.2,3
20110622,207576353,20.9,4
20110623,199576056,19.5,5
20110624,191812576,18.8,6
20110625,143353840,20.3,7
20110626,136535845,23.8,1
20110627,183441940,26.2,2
20110628,190122878,27.5,3
20110629,192724007,22.6,4
20110630,194229169,20.6,5
20110701,182200363,19.4,6
20110702,144502294,19.3,7
20110703,143895644,20,1
20110704,185986006,21.2,2
20110705,188447385,23.3,3
20110706,191665108,23.4,4
20110707,195302095,20.4,5
20110708,183592905,20.5,6
20110709,138168480,21.5,7
20110710,136039799,21.2,1
20110711,196868471,23.1,2
20110712,196095138,25,3
20110713,185654745,20.2,4
20110714,144071070,18.7,5
20110715,164807202,18.6,6
20110716,135814271,21.3,7
20110717,138874459,18.3,1
20110718,202236982,18.1,2
20110723,143111134,17.3,7
20110724,142437288,16.7,1
20110725,193068904,16.6,2
20110726,178429602,18.5,3
20110727,179771224,19.4,4
20110728,173117686,18.7,5
20110729,159098860,19.7,6
20110730,125345866,19.5,7
20110731,119042062,18.7,1
20110801,135254266,19.8,2
20110802,144395588,22.9,3
20110803,140740025,23.2,4
20110804,133448629,23.7,5
20110805,129958435,23,6
20110806,117710153,22.6,7
20110807,116199026,20.3,1
20110808,137735085,20,2
20110809,136514058,18.3,3
20110810,135722921,18,4
20110811,135344637,20,5
20110812,165873904,21.2,6
20110813,130484916,22.6,7
20110814,113958637,22.5,1
20110815,147462847,21.8,2
20110816,162417303,22,3
20110817,163841391,24.8,4
20110818,158014766,25.9,5
20110819,139804071,26.5,6
20110820,112789831,27.4,7
20110821,109019489,28.1,1
20110822,162972402,29.1,2
20110823,174336601,28.8,3
20110824,173525778,25.1,4
20110825,177616195,23.9,5
20110826,160790674,18.9,6
20110827,134503885,16.5,7
20110828,128817890,17.1,1
20110829,175657933,17.5,2
20110830,192929278,17.9,3
20110831,197387948,19.8,4
20110901,202140416,21.7,5
20110902,182272142,22.7,6
20110903,144589768,22.5,7
20110904,139675706,21,1
20110905,198804636,18.9,2
20110906,180649893,18.1,3
20110907,183763050,18.3,4
20110908,180523901,19.7,5
20110909,197597354,21.3,6
20110910,138748837,23.2,7
20110911,137880725,22.5,1
20110912,179294564,21,2
20110913,188494506,21.5,3
20110914,184919613,19.1,4
20110915,213394057,18,5
20110916,202325787,20,6
20110917,153678253,19.1,7
20110918,146258042,15.6,1
20110919,208982218,13.7,2
20110920,214557984,14.3,3
20110921,215994163,15,4
20110922,216980640,16,5
20110923,203978294,15.6,6
20110924,163621012,17.4,7
20110925,142781224,19,1
20110926,226445693,19.5,2
20110927,230042005,19.4,3
20110928,226231698,19.4,4
20110929,227762017,19.6,5
20110930,223028292,19.4,6
20111001,193629573,19.2,7
20111002,176682528,18.5,1
20111003,239562079,18,2
20111004,247503662,18.9,3
20111005,251249167,17.4,4
20111006,255247184,16.6,5
20111007,268235278,13.3,6
20111008,233444626,11.7,7
20111009,202180527,11.6,1
20111010,273502403,14.3,2
20111011,281379189,14.6,3
20111012,283770202,15,4
20111013,287046347,15.3,5
20111014,282597494,13.1,6
20111015,251822867,12,7
20111016,235106898,12.2,1
20111017,315453594,12.6,2
20111018,318571089,14.3,3
20111019,374088049,10.5,4
20111020,431957451,8.9,5
20111021,459883351,5.8,6
20111022,388441952,7.5,7
20111023,313515999,10,1
20111024,384337968,13.3,2
20111025,394630820,12,3
20111026,405333051,11.3,4
20111027,385964631,12.7,5
20111028,362947430,12.8,6
20111029,292937792,13.7,7
20111030,257217886,14.4,1
20111031,325967535,14.4,2
20111101,315006535,14.6,3
20111102,366901090,15.9,4
20111103,363774671,17.1,5
20111104,375936843,15.2,6
20111105,343613685,14.1,7
20111106,331818178,12.5,1
20111107,417076751,11.9,2
20111108,426602176,11.2,3
20111109,437043245,10.2,4
20111110,421327192,9.3,5
20111111,376162247,10.2,6
20111112,350455059,10.4,7
20111113,376034999,9.8,1
20111114,513667794,7.9,2
20111115,538058508,5.9,3
20111116,553385941,4.4,4
20111117,544260456,6.1,5
20111118,528644736,6.8,6
20111119,451402337,7.8,7
20111120,414354482,9.1,1
20111121,497706027,8.9,2
20111122,514748808,7.2,3
20111123,539840510,5.5,4
20111124,574775091,4.9,5
20111125,576458466,4.4,6
20111126,495095872,5.2,7
20111127,488102338,5.3,1
20111128,581698339,4.8,2
20111129,553233699,7.7,3
20111130,532784534,7.6,4
20111201,506863108,12.1,5
20111202,490865790,11.3,6
20111203,469713153,9.6,7
20111204,409050011,10.6,1
20111205,541265298,8.5,2
20111206,569865942,7.6,3
20111207,546490262,7.9,4
20111208,533494579,7,5
20111209,522018761,7.8,6
20111210,453680064,8.8,7
20111211,466201098,8.4,1
20111212,579666241,6.6,2
20111213,568593535,8.2,3
20111214,555600566,9.3,4
20111215,578949353,8.9,5
20111216,563804311,8.5,6
20111217,565553240,5.4,7
20111218,604635092,3.2,1
20111219,709719863,1.2,2
20111220,670057845,1.9,3
20111221,614380426,3.2,4
20111222,527251150,6.4,5
20111223,495823315,7.9,6
20111224,522521718,5.8,7
20111225,532815425,4.4,1
20111226,577323397,3,2
20111227,593323170,1.8,3
20111228,588271418,1,4
20111229,569926880,3,5
20111230,541344489,4.2,6
20111231,461559458,6.3,7
20120101,416510650,8.8,1
20120102,515425090,8.4,2
20120103,554589007,7.2,3
20120104,558538582,6.2,4
20120105,579273365,6.6,5
20120106,590790362,5.4,6
20120107,547281701,4.3,7
20120108,530183442,4.8,1
20120109,625964957,5.3,2
20120110,626999704,5.9,3
20120111,630788844,5.8,4
20120115,645421856,-1.5,1
20120116,755799839,-1.7,2
20120117,771100913,-1.6,3
20120118,750170313,-1.7,4
20120119,652186369,2.4,5
20120120,575385918,5.3,6
20120121,497976399,7,7
20120122,479508598,8.2,1
20120123,579936883,7.6,2
20120124,603412213,6.7,3
20120125,585698779,6.8,4
20120126,569300559,8.2,5
20120127,601423169,6.8,6
20120128,588746410,5.6,7
20120129,622473880,3.4,1
20120130,759588461,1.9,2
20120131,805793042,0.7,3
20120201,861580846,-1,4
20120202,936320265,-3.5,5
20120203,968323203,-5.5,6
20120204,899197500,-6.6,7
20120205,894697330,-7.1,1
20120206,960883370,-6.4,2
20120208,1002741416,-7,4
20120209,973961545,-5.4,5
20120213,927165022,-3.9,2
20120214,838872492,-0.7,3
20120215,780248307,2.3,4
20120216,722944030,4.2,5
20120217,683278676,4.8,6
20120218,610775355,4.1,7
20120219,623235699,3.4,1
20120220,742222118,2.4,2
20120221,757481329,1,3
20120222,719002097,1,4
20120223,669149547,3.1,5
20120224,592216216,5.8,6
20120225,500299262,7.7,7
20120226,509994280,7.4,1
20120227,610185034,6,2
20120228,579119885,6.4,3
20120229,530846119,6.2,4
20120301,489040974,7.9,5
20120302,443732146,10.8,6
20120303,405415820,10.9,7
20120304,420153608,10.2,1
20120305,595034375,7,2
20120306,632239217,5.6,3
20120307,599275965,5.7,4
20120308,600381105,5.8,5
20120309,568282303,6.1,6
20120311,441367003,9,1
20120312,443364838,10.5,2
20120313,414346790,11.2,3
20120314,403676199,10.7,4
20120315,390098486,11.9,5
20120316,366909675,13.1,6
20120317,343758150,14.2,7
20120318,421774370,9.3,1
20120319,518045298,8.3,2
20120320,503509032,8.7,3
20120321,435933798,10.2,4
20120322,383400552,12,5
20120323,353553712,13.2,6
20120324,298987965,13.7,7
20120325,302072233,13.6,1
20120326,325647890,13.8,2
20120327,322745043,13.8,3
20120328,318877461,13.9,4
20120329,305165279,15,5
20120330,298726052,14.6,6
20120331,276476564,13.8,7
20120401,280993468,11.7,1
20120402,315343231,13.6,2
20120403,315310983,14,3
20120404,349455935,12.1,4
20120405,335088855,12.3,5
20120406,297101937,11.7,6
20120407,288572490,11.4,7
20120408,315287116,8.6,1
20120409,310030864,11,2
20120410,379856461,10.7,3
20120411,388181095,9.8,4
20120412,389943184,9.6,5
20120416,505413416,6.5,2
20120417,449975309,8.3,3
20120418,403165790,10.2,4
20120419,383968134,10.2,5
20120420,354977245,9.8,6
20120421,318479104,10.3,7
20120422,318357572,10.4,1
20120423,370546360,10.5,2
20120424,408471470,9.6,3
20120425,361712389,12.4,4
20120426,335370432,14.2,5
20120427,294456934,15.2,6
20120428,207696727,18.9,7
20120429,215980335,17,1
20120430,250002244,13.7,2
20120501,229296223,13.8,3
20120502,267965148,13.4,4
20120503,250172516,15.8,5
20120504,229541791,15.8,6
20120505,213474105,14.1,7
20120506,214347114,13.9,1
20120507,221355534,14,2
20120508,213481597,15.3,3
20120509,215968920,18,4
20120510,194019209,20.3,5
20120511,179207494,22.7,6
20120512,162701058,16.5,7
20120513,174640931,14.6,1
20120514,212366274,14,2
20120515,236469011,12.8,3
20120516,257608939,10.9,4
20120517,199743747,13.7,5
20120518,198243263,14.7,6
20120519,175149851,16.5,7
20120520,178085541,16.3,1
20120521,235155081,14.6,2
20120522,256803540,14,3
20120523,219472464,17.1,4
20120524,196668329,19.5,5
20120525,175627968,22.4,6
20120526,146815174,23.2,7
20120527,137756593,19,1
20120528,150486011,20.4,2
20120529,177195301,21.2,3
20120530,181043738,23,4
20120531,183686699,22.2,5
20120601,179143440,21.1,6
20120602,144118463,23.6,7
20120603,148352005,16.5,1
20120604,196007218,16.6,2
20120605,187804492,17.8,3
20120606,193715825,19.3,4
20120607,180200037,21.1,5
20120608,182648954,17.3,6
20120609,158668183,16.7,7
20120610,158150165,15.4,1
20120611,194115912,15.9,2
20120612,205884324,15.1,3
20120613,221703600,15.7,4
20120614,205654453,20.2,5
20120615,186204784,22.7,6
20120616,146693213,23.3,7
20120617,140262988,22,1
20120618,172190124,24.2,2
20120619,184759498,21.2,3
20120620,200675659,21.3,4
20120621,179956724,22.6,5
20120622,173128832,19.1,6
20120623,141480927,20,7
20120624,136976446,23.6,1
20120625,179148405,21.2,2
20120626,189359660,22.3,3
20120627,200357737,23.6,4
20120628,189263971,27,5
20120629,159002257,27.1,6
20120630,131597263,25.6,7
20120701,137818948,14.5,1
20120702,177100649,15.4,2
20120703,174444260,20.1,3
20120704,170752083,22.3,4
20120705,177901321,19.8,5
20120706,166691441,21.1,6
20120707,139657705,23.8,7
20120708,140197683,21.7,1
20120709,170106294,22,2
20120710,177018316,20.6,3
20120711,175132103,20,4
20120712,181162577,18.8,5
20120713,164436972,21.5,6
20120714,146814657,20.2,7
20120715,148313224,16.4,1
20120716,181842668,18.3,2
20120717,185760132,20.7,3
20120718,179026494,25.1,4
20120719,188129554,23,5
20120720,173475898,19.4,6
20120721,142466884,18.9,7
20120722,136775942,19,1
20120723,164837607,19.6,2
20120724,176703817,23.2,3
20120725,182600599,25.8,4
20120726,165481873,27.9,5
20120727,144155127,28,6
20120728,123398818,22.1,7
20120729,122399821,20.4,1
20120730,146608386,22,2
20120731,151522298,22.6,3
20120801,155770046,25.1,4
20120802,158556592,23.2,5
20120803,148429628,22.6,6
20120804,126521005,21.7,7
20120805,118953013,20.4,1
20120806,145832422,18.6,2
20120807,136075661,19,3
20120808,135287031,21.1,4
20120809,131933744,23,5
20120810,127231223,22.9,6
20120811,110109502,22.7,7
20120812,106831942,20.9,1
20120813,118235080,21.6,2
20120814,117658616,25.8,3
20120815,111231715,25.2,4
20120816,123672235,20.7,5
20120817,129650639,23.6,6
20120818,120495238,28.3,7
20120819,125305213,30,1
20120820,160115819,27.9,2
20120821,180646624,28.8,3
20120822,157899976,24.8,4
20120823,145377095,26,5
20120824,147469359,23.6,6
20120825,124570281,20.5,7
20120826,126837810,17.8,1
20120827,152877120,21.5,2
20120828,170063567,21.7,3
20120829,170650759,21.4,4
20120830,187151197,18.1,5
20120831,167638086,14.1,6
20120901,151597536,13.9,7
20120902,144042453,17.5,1
20120903,176090839,19.7,2
20120904,179289177,20.1,3
20120905,175464869,20.8,4
20120906,177552952,19.3,5
20120907,167605769,19,6
20120908,143358519,21.2,7
20120909,140618803,23.4,1
20120910,184487103,23.5,2
20120911,192162816,20.7,3
20120912,212679395,14.7,4
20120913,226990434,14.2,5
20120914,202633259,16.1,6
20120915,158042234,16.2,7
20120916,153395329,18.2,1
20120917,182293568,18.8,2
20120918,186112281,17.5,3
20120919,199829702,13.9,4
20120920,202050931,14.1,5
20120921,190938444,19.2,6
20120922,161600175,17.7,7
20120923,153747328,22,1
20120924,192790613,17.7,2
20120925,199721262,19.4,3
20120926,218805416,13,4
20120927,224030851,14,5
20120928,214923672,14.7,6
20120929,185826326,14,7
20120930,188051677,11.9,1
20121001,222591443,15,2
20121002,222934887,15,3
20121003,221509631,17.5,4
20121004,229659050,16.1,5
20121005,208568437,17.6,6
20121006,174957202,19.5,7
20121007,178192704,17.3,1
20121008,233569003,16.5,2
20121009,223095815,18.2,3
20121010,208571069,16.8,4
20121011,211529798,17,5
20121012,228561244,12.2,6
20121013,216673328,11,7
20121014,224731870,12.1,1
20121015,350035172,7.2,2
20121016,364223990,11.8,3
20121017,300960903,18.9,4
20121018,266074969,19.7,5
20121019,229918410,20.6,6
20121020,193662589,19.2,7
20121021,182447935,17.9,1
20121022,234192799,16.7,2
20121023,263087228,15,3
20121024,286393039,15,4
20121025,299252850,14.7,5
20121026,297910994,13.3,6
20121027,378079832,4.5,7
20121028,457529371,3.4,1
20121029,559661240,3.2,2
20121030,547185043,4.5,3
20121031,519842628,5.1,4
20121101,425688714,9.4,5
20121102,397862169,13,6
20121103,339135159,15.3,7
20121104,352563796,12.6,1
20121105,447320398,9.8,2
20121106,504096114,7.7,3
20121107,528267573,5.6,4
20121108,507268765,8.9,5
20121109,446749819,12.3,6
20121110,372267664,12.5,7
20121111,400575577,9.9,1
20121112,543505658,7.4,2
20121113,556326046,5.9,3
20121114,523798560,6.1,4
20121115,521029479,6.2,5
20121116,506712724,5.5,6
20121117,408070648,9.9,7
20121118,413022175,7.9,1
20121119,523227992,6.4,2
20121120,538120649,4.1,3
20121121,512769833,8.2,4
20121122,502218088,8.1,5
20121123,464178972,10.9,6
20121124,380643579,15.1,7
20121125,364697529,14,1
20121126,434676768,10.8,2
20121127,537896802,6.8,3
20121128,607765148,5.5,4
20121129,636310597,4.4,5
20121130,675465889,2.4,6
20121201,625556737,-0.6,7
20121202,611805231,-0.3,1
20121203,664884488,2.9,2
20121204,618430331,5.5,3
20121205,672687779,4.1,4
20121206,726417118,1.4,5
20121207,728948533,1.3,6
20121208,644893639,2.4,7
20121209,644952795,2,1
20121210,714620869,3.3,2
20121211,793420858,0.7,3
20121212,803178293,-0.1,4
20121213,703960674,4.9,5
20121214,589628950,10.3,6
20121215,477091855,11.8,7
20121216,473885155,10.1,1
20121217,543185996,7.6,2
20121218,576755678,6.6,3
20121219,609223747,2.6,4
20121220,569779960,6.5,5
20121221,532164956,6.2,6
20121222,483564989,7,7
20121223,435829606,9.3,1
20121224,428742525,11.6,2
20121225,395817728,12.6,3
20121226,443898157,8.7,4
20121227,456888028,9.2,5
20121228,467586057,6.2,6
20121229,437482996,9.4,7
20121230,445493683,6.8,1
20121231,474437081,8.2,2
20130101,468657217,7.3,3
20130102,559555698,4.1,4
20130103,577154297,3.6,5
20130104,531576307,6.4,6
20130105,494494734,5.9,7
20130106,505866915,6.1,1
20130107,596767143,5,2
20130108,640954533,2.7,3
20130109,670850643,0.8,4
20130110,648448356,3.4,5
20130111,617726888,4.9,6
20130112,564726565,2.8,7
20130113,569125258,4.4,1
20130114,719072118,0.6,2
20130115,748262492,-0.1,3
20130116,812157145,-2.2,4
20130117,882151371,-2.9,5
20130118,825652505,-1.6,6
20130119,649538483,2.2,7
20130120,632303636,2.3,1
20130121,724164702,3.6,2
20130122,703047285,3.6,3
20130123,727743356,2.4,4
20130124,762293532,1.1,5
20130125,768114542,-1.2,6
20130126,652366964,0.2,7
20130127,610150430,3.5,1
20130128,622919081,3.8,2
20130129,584882876,6.7,3
20130130,516957395,10.6,4
20130131,512936611,8.1,5
20130201,486863563,10.5,6
20130202,550591834,4.6,7
20130203,591650594,2.4,1
20130204,594277178,4.7,2
20130205,598022274,6.4,3
20130206,671811782,3,4
20130207,723674998,1,5
20130208,713370424,-0.9,6
20130209,662169757,-0.7,7
20130210,659497124,0.6,1
20130211,693294816,3.2,2
20130212,718116447,1.7,3
20130213,726931866,-1.3,4
20130214,690491264,0.4,5
20130215,619520909,4.1,6
20130216,580416116,2.9,7
20130217,591195661,1.8,1
20130218,648843074,1.1,2
20130219,642415377,2,3
20130220,633949133,0.9,4
20130221,695242398,-0.3,5
20130222,741522332,-1.5,6
20130223,757671981,-1.7,7
20130224,747640104,-1.6,1
20130225,799987920,-0.8,2
20130226,777647751,0,3
20130227,753501709,0.8,4
20130228,694452537,1.5,5
20130301,700382068,3,6
20130302,617363965,1.7,7
20130303,576707891,3.9,1
20130304,560250673,7,2
20130305,519489278,7.4,3
20130306,516086157,7,4
20130307,451839826,12.2,5
20130308,444671382,10.1,6
20130309,412220997,8.6,7
20130310,407455993,9.2,1
20130311,450196038,10.9,2
20130312,517736483,7.5,3
20130313,671365552,1.7,4
20130314,702277320,1.1,5
20130315,659517347,0.7,6
20130316,537861163,6.5,7
20130317,524365900,7.8,1
20130318,582773002,6,2
20130319,530587113,7.4,3
20130320,530677480,7.6,4
20130321,495876979,7.8,5
20130322,428482328,11.7,6
20130323,398576532,11.8,7
20130324,436057351,9.1,1
20130325,517360359,7.2,2
20130326,532362259,4.3,3
20130327,514734039,6.8,4
20130328,535372904,5.7,5
20130329,490086351,7.1,6
20130330,423130977,8.1,7
20130331,462987525,4.4,1
20130401,455635756,6.6,2
20130402,463154758,9.1,3
20130403,471032403,8,4
20130404,471162686,10.3,5
20130405,484196741,6.9,6
20130406,471767095,7.2,7
20130407,423697720,7.3,1
20130408,496065940,7.8,2
20130409,461836884,11,3
20130410,404701980,13.5,4
20130411,359424152,14,5
20130412,354803479,11.8,6
20130413,279106591,13.3,7
20130414,235779868,17.5,1
20130415,265837573,18.6,2
20130416,238986406,17.8,3
20130417,227288849,19.7,4
20130418,238612089,17,5
20130419,282966892,9.9,6
20130420,320807930,8.3,7
20130421,289186509,10.6,1
20130422,313055359,11.6,2
20130423,287600090,13,3
20130424,253979012,15.9,4
20130425,226388441,18.7,5
20130426,239804341,16.3,6
20130427,314771319,6.3,7
20130428,340135209,8.9,1
20130429,365450350,10.3,2
20130430,310001963,11.4,3
20130501,240770214,13.4,4
20130502,268536648,14.7,5
20130503,273054822,12.2,6
20130504,222849163,12,7
20130505,204931700,15.1,1
20130506,225346575,15.5,2
20130507,209690903,15.9,3
20130508,171810797,18.3,4
20130509,176325358,16.8,5
20130510,206997270,12.4,6
20130511,200295143,13.4,7
20130512,217423114,12.1,1
20130513,255113576,14.2,2
20130514,229371906,17.6,3
20130515,252117951,12.8,4
20130516,294570588,9.4,5
20130517,272148196,12,6
20130518,258475082,12.3,7
20130519,249543172,11.7,1
20130520,266690089,12.6,2
20130521,310603843,12,3
20130522,316512706,12.1,4
20130523,335151530,10.4,5
20130524,349506961,8.7,6
20130525,308071385,8.3,7
20130526,274468801,10.1,1
20130527,264347829,13.9,2
20130528,295099356,11.8,3
20130529,306642278,11.1,4
20130530,307201920,11.5,5
20130531,285426311,12.8,6
20130601,221946915,14.2,7
20130602,212443193,13.6,1
20130603,233119008,13.8,2
20130604,226999370,14.9,3
20130605,230535778,18.3,4
20130606,214725675,20.6,5
20130607,181895655,21.5,6
20130608,156022555,19.3,7
20130609,159006497,17.8,1
20130610,191193629,16.9,2
20130611,193094052,18,3
20130612,182259449,19.8,4
20130613,182935328,20.1,5
20130614,176187992,18.3,6
20130615,144133262,21.4,7
20130616,139207192,23.7,1
20130617,164339897,26.7,2
20130618,174739063,28.1,3
20130619,171959848,24.2,4
20130620,178791520,19.6,5
20130621,173304258,19.7,6
20130622,142995981,20.2,7
20130623,146387740,18.4,1
20130624,185062408,15.4,2
20130625,188116681,15.7,3
20130626,185295949,16.1,4
20130627,183263433,15.5,5
20130628,178240604,15.2,6
20130629,152873108,15.3,7
20130630,144224187,17.9,1
20130701,171134628,21,2
20130702,172247621,23.8,3
20130703,174705898,19.4,4
20130704,172111960,20.1,5
20130705,160187521,21.8,6
20130706,133559719,23.5,7
20130707,131315440,24.5,1
20130708,160105470,25.1,2
20130709,167365909,25.1,3
20130710,165324379,23.6,4
20130711,164501903,23,5
20130712,157241399,22.7,6
20130713,129733149,23.3,7
20130714,124843898,23.8,1
20130715,154340341,24.6,2
20130716,163834910,24.8,3
20130717,174848562,24.2,4
20130718,162993253,22.9,5
20130719,154779979,22.7,6
20130720,128312381,24.7,7
20130721,123522816,26.9,1
20130722,152875048,27.5,2
20130723,156008150,27.3,3
20130724,156989371,24.5,4
20130725,152914843,27.1,5
20130726,147546667,30.3,6
20130727,121161153,29.3,7
20130728,121729733,23.3,1
20130729,146530537,21,2
20130730,152834462,21.1,3
20130731,152662901,23.8,4
20130801,146409569,27.4,5
20130802,135230276,28.1,6
20130803,114467180,24.3,7
20130804,107320896,24.8,1
20130805,119063959,27.1,2
20130806,122851921,25.1,3
20130807,124809336,20.7,4
20130808,125477231,18.5,5
20130809,128863817,20.1,6
20130810,114685153,21,7
20130811,110182349,20.9,1
20130812,118001583,22.7,2
20130813,123391019,20.8,3
20130814,125323831,19.5,4
20130815,114915904,20.6,5
20130816,117383350,23.6,6
20130817,110640359,23.7,7
20130818,108479631,25.3,1
20130819,130830604,21,2
20130820,140816426,20.2,3
20130821,139756249,20.2,4
20130822,139411575,22.8,5
20130823,137262906,24.9,6
20130824,120892557,19.9,7
20130825,126239325,17.7,1
20130826,153417631,17.9,2
20130827,161681235,17.5,3
20130828,162934534,18.5,4
20130829,174321589,19.3,5
20130830,167958660,19.9,6
20130831,135134291,20.6,7
20130901,136776094,19.1,1
20130902,176731261,18.7,2
20130903,172913516,20,3
20130904,184100992,22.9,4
20130905,180723960,24.6,5
20130906,159198511,23.7,6
20130907,138777754,20.1,7
20130908,139284232,17.3,1
20130909,176175249,16.5,2
20130910,178282974,15.5,3
20130911,190844692,15,4
20130912,192785684,14.6,5
20130913,182155450,16.7,6
20130914,152294810,18.6,7
20130915,156307538,15.5,1
20130916,200691180,13.9,2
20130917,211268336,14.2,3
20130918,216736800,16.9,4
20130919,207873711,15.2,5
20130920,197987452,15.9,6
20130921,169934906,16.1,7
20130922,164385022,16.8,1
20130923,196392796,17.6,2
20130924,216750780,18.5,3
20130925,203131388,20.2,4
20130926,207439216,21.1,5
20130927,170421622,21.7,6
20130928,148858438,22.2,7
20130929,151931821,18.2,1
20130930,185164220,17.4,2
20131001,190328619,17.8,3
20131002,187703227,18.8,4
20131003,188397975,21.3,5
20131004,184893639,19.4,6
20131005,160962416,16.7,7
20131006,167677686,14.2,1
20131007,224983275,14.8,2
20131008,221001192,14.6,3
20131009,233652561,14.3,4
20131010,277126908,10.3,5
20131011,305936535,8,6
20131012,293253899,8.7,7
20131013,268311977,11.4,1
20131014,291201553,14.4,2
20131015,295116626,14.5,3
20131016,265856423,14.7,4
20131017,267526171,13.4,5
20131018,265611352,14.3,6
20131019,218963785,18.7,7
20131020,214839810,17.3,1
20131021,236087461,18,2
20131022,217858484,21.5,3
20131023,230645747,17.4,4
20131024,241369784,16.5,5
20131025,219466194,19.6,6
20131026,194285052,20.6,7
20131027,182538654,17.9,1
20131028,230382931,17.7,2
20131029,277798905,12.2,3
20131030,325643875,9.7,4
20131031,351111719,8.5,5
20131101,304872345,13.6,6
20131102,265503148,16,7
20131103,292609956,11.7,1
20131104,376175919,10.9,2
20131105,399183309,9.9,3
20131106,339768628,13.7,4
20131107,324179226,14.3,5
20131108,341755727,13.2,6
20131109,335237464,10.2,7
20131110,365162949,8,1
20131111,425865175,5.4,2
20131112,488268499,6.8,3
20131113,493796456,7.2,4
20131114,524202377,6.9,5
20131115,545379990,4.7,6
20131116,494206488,3.7,7
20131117,478114759,5,1
20131118,561456434,5.7,2
20131119,588775607,4.6,3
20131120,634056597,1.7,4
20131121,656077936,1.7,5
20131122,663682555,1.5,6
20131123,589313842,4.3,7
20131124,553716539,5.7,1
20131125,652335164,1.8,2
20131126,701956094,1.5,3
20131127,729729346,-0.6,4
20131128,743277934,-0.7,5
20131129,673112567,2,6
20131130,586339630,3.2,7
20131201,591857083,2.2,1
20131202,668352219,1.9,2
20131203,698792819,0.3,3
20131204,670274662,1.8,4
20131205,648181853,3,5
20131206,632551291,3.1,6
20131207,582120534,2,7
20131208,599231249,1,1
20131209,699551817,0,2
20131210,694061535,-3,3
20131211,682937517,-1.1,4
20131212,653450861,0.3,5
20131213,628192175,-0.6,6
20131214,555736233,1.3,7
20131215,561270348,2,1
20131216,591930492,5.5,2
20131217,550695774,7.3,3
20131218,508719764,8.1,4
20131219,499022045,8.1,5
20131220,528365834,5,6
20131221,466209951,7.7,7
20131222,409489602,9.9,1
20131223,421714097,9.1,2
20131224,384391923,13.1,3
20131225,391788093,9.6,4
20131226,486696089,5,5
20131227,462385366,7,6
20131228,446629624,8,7
20131229,476041730,3.9,1
20131230,536258000,2.8,2
20131231,512167496,5.5,3
20140101,444977668,9.1,4
20140102,455514800,10.3,5
20140103,450654501,10.1,6
20140104,434610351,10.2,7
20140105,469343638,6,1
20140106,490816329,9.4,2
20140107,449228148,11.5,3
20140108,429569911,11.7,4
20140109,441157550,10.9,5
20140110,455659212,8.1,6
20140111,428534927,8.7,7
20140112,445914742,6.9,1
20140113,504672028,5.8,2
20140114,550727781,4.5,3
20140115,563956874,5.1,4
20140116,523596447,8.2,5
20140117,502377316,7.4,6
20140118,455671113,8.9,7
20140119,474439586,6.8,1
20140120,569326190,6,2
20140121,592348182,4.8,3
20140122,597151542,3.7,4
20140123,566409800,6.1,5
20140124,584881795,2.4,6
20140125,534621096,2.9,7
20140126,486985769,6.6,1
20140127,565569508,4.5,2
20140128,595022357,5.5,3
20140129,600745762,5.8,4
20140130,610180748,5.1,5
20140131,588774343,4.5,6
20140201,540509113,6,7
20140202,541839395,4,1
20140203,579824098,6.2,2
20140204,546094991,7.8,3
20140205,583458421,6.5,4
20140206,532170036,9.3,5
20140207,510353031,6.5,6
20140208,503487589,7.7,7
20140209,485464743,8.2,1
20140210,557886338,7.1,2
20140211,554697445,6.6,3
20140212,524128669,8.5,4
20140213,521257139,7.2,5
20140214,478289141,10.5,6
20140215,428750348,9.7,7
20140216,461608548,5.8,1
20140217,511978209,6.4,2
20140218,493449219,7.4,3
20140219,476200646,9.1,4
20140220,456339374,9.9,5
20140221,476901493,6.5,6
20140222,445867378,7.8,7
20140223,420884394,9.2,1
20140224,447423846,10.9,2
20140225,468548471,9.8,3
20140226,519086389,5.8,4
20140227,525564489,6.1,5
20140228,533591854,5.4,6
20140301,487566728,5.8,7
20140302,463045833,6.7,1
20140303,522067645,7.4,2
20140304,523846104,6.7,3
20140305,484773916,8.5,4
20140306,468320395,7.4,5
20140307,441807551,8.2,6
20140308,380072754,8.3,7
20140309,361369586,10,1
20140310,397264824,10,2
20140311,412864455,8.3,3
20140312,407963171,10.1,4
20140313,388777390,10.3,5
20140314,363430317,11,6
20140315,349294909,11,7
20140318,336960820,14.5,3
20140319,339537772,11.4,4
20140320,316154514,14.6,5
20140321,315920613,14.6,6
20140322,358408053,9,7
20140323,414409944,5.9,1
20140324,481657677,5.9,2
20140325,462662133,5.2,3
20140326,457392913,6.5,4
20140407,240625821,17.9,2
20140408,269266131,12.8,3
20140409,283267690,12.4,4
20140410,269099503,12.7,5
20140411,245037570,15.6,6
20140412,206514614,16.6,7
20140413,207924970,15.2,1
20140414,249859576,13.7,2
20140415,287667737,10.7,3
20140416,298854800,10.1,4
20140417,278036769,11.6,5
20140418,285328625,10.5,6
20140419,285440596,8.1,7
20140420,276224709,9.5,1
20140421,268396515,12,2
20140422,274505358,13.9,3
20140423,245972449,15,4
20140424,233862150,17.2,5
20140425,242937899,14.5,6
20140426,221754996,13.2,7
20140427,240955524,12,1
20140428,276719230,12.3,2
20140429,258086028,13.5,3
20140430,254090380,11.9,4
20140501,214653615,13.1,5
20140502,246031148,12.9,6
20140503,260117689,9.9,7
20140504,246940068,10.6,1
20140505,245560670,17.2,2
20140506,236325000,16.1,3
20140507,228562196,13.9,4
20140508,190297855,16.8,5
20140509,186954327,17.8,6
20140510,171560408,18.6,7
20140511,192075959,14.2,1
20140512,256663321,12,2
20140513,274140379,11.4,3
20140514,273180871,11.9,4
20140515,273420327,11.9,5
20140516,244881992,14.7,6
20140517,188516761,15.8,7
20140518,170514896,18.4,1
20140519,198608266,18.7,2
20140520,198278764,19.4,3
20140521,194550779,21.8,4
20140522,200425173,16.1,5
20140523,206714653,15.8,6
20140524,174122150,15.7,7
20140525,172298771,17.2,1
20140526,206791025,15.4,2
20140527,218086676,13.1,3
20140528,200900404,16.1,4
20140529,170383580,17.5,5
20140530,172493206,18.4,6
20140531,161117626,17.3,7
20140601,158177465,18.2,1
20140602,186094044,17.2,2
20140603,184439618,19.3,3
20140604,194379216,15.8,4
20140605,189628157,17.4,5
20140606,171099815,22.5,6
20140607,142048898,24.3,7
20140608,130766474,26.2,1
20140609,134459735,28.1,2
20140615,137119992,19.9,1
20140619,166318996,21,5
20140701,170181260,21.2,3
20140706,130430075,22.8,1
20140714,140003318,19.2,2
20140715,164497879,20.7,3
20140716,163197712,23.4,4
20140717,159184866,26.4,5
20140718,148539423,27.7,6
20140719,123340576,27,7
20140720,126106925,17.8,1
20140721,159670329,18.6,2
20140722,161521409,19.3,3
20140723,155986588,23.1,4
20140724,151684939,23.3,5
20140725,147755153,22.6,6
20140726,123573339,20.1,7
20140727,118931201,22.5,1
20140728,149077023,18.5,2
20140729,155038833,16.6,3
20140730,152190168,19.2,4
20140731,146981710,22.3,5
20140801,137137895,22.8,6
20140802,117363933,19.5,7
20140803,113983305,19.9,1
20140804,125203930,19.3,2
20140805,127134144,20.3,3
20140806,127851261,21.6,4
20140807,128008669,22,5
20140808,124569552,21.7,6
20140809,107709298,23.1,7
20140810,106761931,25.5,1
20140811,121532769,18,2
20140812,125058272,19.4,3
20140813,129034343,17.3,4
20140814,132363725,18.2,5
20140815,123790525,16.6,6
20140816,120642523,16.9,7
20140817,116220852,18.7,1
20140818,132233429,20.2,2
20140819,136794126,19,3
20140820,144483693,17.9,4
20140821,148247386,17.1,5
20140822,144667036,19.9,6
20140823,131784025,18.1,7
20140824,132577370,16.8,1
20140825,157234783,19.7,2
20140826,161203595,20.2,3
20140827,175984554,18.4,4
20140828,172235302,21.7,5
20140829,163718474,20.5,6
20140830,129774707,20.3,7
20140831,131730593,18.7,1
20140901,166146923,17,2
20140902,169768139,17.7,3
20140903,171553450,17,4
20140904,171221731,20.6,5
20140905,161067115,21.2,6
20140906,136629385,21.5,7
20140907,130865895,22.2,1
20140908,163570229,23.5,2
20140909,169064744,20.5,3
20140910,173383736,20.3,4
20140911,176042330,17.4,5
20140912,168885547,17.2,6
20140913,141701364,17.7,7
20140914,140305943,17.8,1
20140915,167596252,20.1,2
20140916,170999086,21.7,3
20140917,171257279,22.3,4
20140918,173137146,21.5,5
20140919,161508878,18.4,6
20140920,139049461,20.7,7
20140921,139886259,19.5,1
20140922,175303653,15,2
20140923,184730030,14,3
20140924,196211591,13.2,4
20140925,197172095,13.6,5
20140926,186583696,14.2,6
20140927,156558124,16.7,7
20140928,148678907,20,1
20140929,181476524,18.2,2
20140930,195805156,19.1,3
20141001,186001086,18.4,4
20141002,189396167,16.1,5
20141003,184709228,16.2,6
20141004,163840636,17.3,7
20141005,164241682,14,1
20141006,223618008,16.7,2
20141007,202635712,19,3
20141008,198070610,21.3,4
20141009,197259893,19.7,5
20141010,196656788,15.2,6
20141011,168316310,15.6,7
20141012,165689099,16.7,1
20141013,204845986,14.4,2
20141014,210488332,16.4,3
20141015,216361971,17.7,4
20141016,211630676,18.5,5
20141017,197239340,17.9,6
20141018,166623793,19.6,7
20141019,154897721,18.9,1
20141020,223689631,19,2
20141021,225899981,16.9,3
20141022,317760314,9,4
20141023,343958782,9.6,5
20141024,296297579,10.3,6
20141025,249085101,13.6,7
20141026,230906084,11.9,1
20141027,306933630,11.2,2
20141028,328638928,12.7,3
20141029,346523364,11.6,4
20141030,349344190,10,5
20141031,308216049,11.6,6
20141101,269259808,12.2,7
20141102,264089989,15.4,1
20141103,353547616,14.8,2
20141104,398029560,9.9,3
20141105,456072531,6.5,4
20141106,481961666,5.9,5
20141107,415369808,6.6,6
20141108,359564443,7.1,7
20141109,355365193,8.8,1
20141110,399949233,10.5,2
20141111,340831087,13.6,3
20141112,435704667,10.8,4
20141113,448004953,8.6,5
20141114,394009824,11.4,6
20141115,359080098,9.8,7
20141116,369337840,10.4,1
20141117,473539329,8.6,2
20141118,488743292,8.2,3
20141119,489917170,7.4,4
20141120,489155823,8.4,5
20141121,424552977,11.7,6
20141122,339597246,13.8,7
20141123,304926888,16.7,1
20141124,382007351,12.4,2
20141125,394147651,11.2,3
20141126,398039916,12.2,4
20141127,371913519,13.7,5
20141128,352587240,11,6
20141129,347550693,5.7,7
20141130,381416245,5.5,1
20141201,541047064,3.9,2
20141202,579529339,4.5,3
20141203,609277195,4.4,4
20141204,598912973,5.6,5
20141205,583343325,5.8,6
20141206,544451069,5.2,7
20141207,523874173,5.1,1
20141208,605253887,5.2,2
20141209,669855368,3,3
20141210,647757260,4.2,4
20141225,447252205,4.9,5
20141226,504779456,2.9,6
20141227,503585167,3.3,7
20141228,586952638,-0.2,1
20141229,680746574,-1.3,2
20141230,680668011,1.5,3
20141231,653371318,1.5,4
20150101,597057171,-0.9,5
20150102,586408902,2,6
20150103,471728553,6.8,7
20150104,473542278,5.4,1
20150105,652600766,-0.4,2
20150106,686975447,-0.7,3
20150107,633825191,3.2,4
20150108,556483939,6.6,5
20150109,498620539,7,6
20150110,390296685,11.4,7
20150111,472161037,4.6,1
20150112,580134425,1.8,2
20150113,527200688,10.2,3
20150114,506840963,9.4,4
20150115,481647838,12.2,5
20150116,512951550,7,6
20150117,516842956,3.5,7
20150118,552908372,2.5,1
20150119,659700093,3.2,2
20150120,682772148,2.9,3
20150121,695511549,1.8,4
20150122,696274819,3.2,5
20150123,710281949,2.3,6
20150124,628506319,2.1,7
20150125,633534358,2.6,1
20150126,705007028,2.4,2
20150127,682257846,3.7,3
20150128,663649442,4.5,4
20150129,637898370,5.5,5
20150130,647792086,3.7,6
20150131,581498593,2.7,7
20150201,589079123,3.1,1
20150202,719410693,1.7,2
20150203,757014756,0.5,3
20150204,780337250,0.4,4
20150205,785422088,-0.5,5
20150206,766182011,0.6,6
20150207,695482425,0.2,7
20150208,677611850,1.7,1
20150209,705083417,3.3,2
20150210,701054625,-0.2,3
20150211,656092299,2.3,4
20150212,601676248,6.6,5
20150213,526323955,8.6,6
20150214,480521475,8.3,7
20150215,514392552,6.2,1
20150216,580230009,4.5,2
20150217,596814843,4.1,3
20150218,616731569,3.4,4
20150219,593382463,4.9,5
20150220,548596742,8.2,6
20150221,549880293,2.8,7
20150222,546065973,2.7,1
20150223,581876976,4.4,2
20150224,597536964,5.2,3
20150225,578025557,5.6,4
20150226,548625013,5.2,5
20150227,582959028,4.7,6
20150228,509421531,4.6,7
20150301,448397755,8.6,1
20150302,467580133,10.6,2
20150303,466544487,8.6,3
20150304,549901632,4.9,4
20150305,581737504,5.6,5
20150306,539968563,6.5,6
20150307,454008625,5.6,7
20150308,428607018,7.2,1
20150309,484902382,8.6,2
20150310,457975342,10.9,3
20150311,439820466,10.6,4
20150312,447017574,6.8,5
20150313,453793222,8.5,6
20150314,425751311,7.4,7
20150315,456577203,7.4,1
20150316,493036964,9.2,2
20150317,456503750,10.6,3
20150318,397350554,11.9,4
20150319,405114480,11.2,5
20150320,401133168,10.2,6
20150321,396922064,8.9,7
20150322,447108072,5.6,1
20150323,458274204,9.2,2
20150324,459046088,11.8,3
20150325,543404867,5.5,4
20150326,507173844,8.5,5
20150327,452672376,8.6,6
20150328,356287604,8.8,7
20150329,351786827,11.9,1
20150330,374727263,13,2
20150331,357189586,13.8,3
20150401,426473746,7.7,4
20150402,425431024,8.8,5
20150403,367208600,11.4,6
20150404,342762680,8.7,7
20150405,376491109,7.1,1
20150406,382168514,8.2,2
20150407,431140778,8.6,3
20150408,398730017,10.1,4
20150409,357267304,14.8,5
20150410,311649491,14.7,6
20150411,262356985,13.6,7
20150412,240811819,14.8,1
20150413,274711355,16.3,2
20150414,250452624,16.5,3
20150415,254140158,18.6,4
20150416,257617294,16.6,5
20150417,260504945,14.2,6
20150418,218936945,12.9,7
20150419,244855351,10.1,1
20150420,268410879,14.7,2
20150421,244188047,14.8,3
20150422,223428602,17.3,4
20150423,216233814,17.6,5
20150424,205467565,18.4,6
20150425,189542332,15.4,7
20150426,188886801,16.3,1
20150427,253874571,12.9,2
20150428,302166859,10,3
20150429,288700900,11.3,4
20150430,242484579,15.5,5
20150501,212983803,14.6,6
20150502,190239094,17.2,7
20150503,182742828,18.9,1
20150504,199144561,20.8,2
20150505,196991067,18.3,3
20150506,206780127,15.7,4
20150507,209735882,14.3,5
20150508,184633683,15.1,6
20150509,170926917,16.6,7
20150510,163611757,17.5,1
20150511,180098749,20.6,2
20150512,173628851,22,3
20150513,166127384,22.3,4
20150514,151948591,16.2,5
20150515,184038020,11.6,6
20150516,166571060,16.1,7
20150517,155390385,17,1
20150518,177098932,19.6,2
20150519,194323340,14.3,3
20150520,217212065,10.9,4
20150521,217575125,13.6,5
20150522,195499625,16.2,6
20150523,160906042,17.3,7
20150524,145926155,19.4,1
20150525,154412034,17.8,2
20150526,197226804,13.7,3
20150527,199169588,15.3,4
20150528,192047969,18,5
20150529,185485671,20.5,6
20150530,150110416,19.2,7
20150531,145279436,20.5,1
20150601,182501575,19.7,2
20150602,172479780,23.1,3
20150603,168450488,24.5,4
20150604,167829227,25.3,5
20150605,165494735,27.1,6
20150606,129825985,26,7
20150607,129789510,22.4,1
20150608,158925704,21.7,2
20150609,162818810,19.1,3
20150610,167288105,21,4
20150611,163674378,25.5,5
20150612,164205317,19,6
20150613,137848763,20.4,7
20150614,137374047,18.9,1
20150615,167892173,20.3,2
20150616,171227560,18.8,3
20150617,173999861,19.7,4
20150618,183065258,20.7,5
20150619,163765962,19.2,6
20150620,140721476,18.7,7
20150621,136940360,20.8,1
20150622,174504084,23.4,2
20150623,175906945,17.8,3
20150624,180041396,19.6,4
20150625,175517226,21.9,5
20150626,160517271,23.7,6
20150627,137188939,24.2,7
20150628,137796214,23.9,1
20150629,171717315,25.5,2
20150630,169407239,28.3,3
20150701,187318892,28.7,4
20150702,186683541,29,5
20150703,180679634,29.8,6
20150704,133591933,30.8,7
20150705,132101412,29.6,1
20150706,187543548,29.3,2
20150707,172933194,30.8,3
20150708,166930348,21.5,4
20150709,169520160,21.6,5
20150710,164323706,25.5,6
20150711,133802058,27.4,7
20150712,127973563,26,1
20150713,149025538,25.5,2
20150714,137042228,25.7,3
20150715,185979516,26.2,4
20150716,187186519,29.9,5
20150717,171478387,30.3,6
20150718,135827079,23.7,7
20150719,122665375,27.6,1
20150720,177977774,27.9,2
20150721,179073902,29.6,3
20150722,183367852,26.1,4
20150723,187056566,25.6,5
20150724,155223650,27.3,6
20150725,125327819,21.4,7
20150726,125867305,21,1
20150727,151934528,23.6,2
20150728,162224071,22.3,3
20150729,153565457,18.3,4
20150730,153293426,19.3,5
20150731,142733029,20.3,6
20150801,122276153,19.3,7
20150802,114998365,23.5,1
20150803,130001666,28.1,2
20150804,133210227,23.9,3
20150805,131278499,29,4
20150806,125840770,30.6,5
20150807,120681239,29.4,6
20150808,111548375,21.7,7
20150809,111233206,21,1
20150810,127183076,20.5,2
20150811,126369103,22.8,3
20150812,121180912,27.5,4
20150813,123543847,23,5
20150814,124870944,22.4,6
20150815,114861165,18.9,7
20150816,112314059,19.1,1
20150817,127451810,19.2,2
20150818,132570041,20,3
20150819,132696036,19.6,4
20150820,128884588,21.1,5
20150821,127068412,22.5,6
20150822,113748560,24.8,7
20150823,115712176,20.7,1
20150824,146192321,19.8,2
20150825,151769045,18,3
20150826,151168624,23.5,4
20150827,150381885,26.1,5
20150828,167445246,26.8,6
20150829,123112246,27,7
20150830,121508012,27.1,1
20150831,174026751,27,2
20150901,178974096,19.7,3
20150902,184484919,18.5,4
20150903,178404232,18,5
20150904,167609260,17.5,6
20150905,140494743,15.3,7
20150906,144530746,15.6,1
20150907,202565997,15.7,2
20150908,195484158,16.4,3
20150909,193863461,18.9,4
20150910,195176212,20.2,5
20150911,186041318,21.2,6
20150912,149718649,18.3,7
20150913,148583892,19.6,1
20150914,187880919,17.2,2
20150915,211120160,18.4,3
20150916,191240162,24.1,4
20150917,204414403,15.8,5
20150918,201599893,16.6,6
20150919,153841405,15.9,7
20150920,156160199,14.4,1
20150921,217099993,14.3,2
20150922,231412870,15.7,3
20150923,253018312,12.9,4
20150924,249049713,14.2,5
20150925,237507439,15.9,6
20150926,191936377,14.3,7
20150927,173612969,14.7,1
20150928,237968706,13,2
20150929,253075870,12.7,3
20151012,328872015,11.5,2
20160101,393743384,,6
20160102,407345937,,7
20160103,442847912,,1
20160104,517756291,,2
20160105,550625972,,3
20160106,567579232,,4
20160107,550055899,,5
20160108,510603663,,6
20160109,410104198,,7
20160110,422137434,,1
20160111,504182490,,2
20160112,565307041,,3
20160113,603718942,,4
20160114,630946659,,5
20160115,663767830,,6
20160116,651031646,,7
20160117,663499863,,1
20160118,745308476,,2
20160119,693927122,,3
20160120,679901306,,4
20160121,698300725,,5
20160122,646510687,,6
20160123,561542548,,7
20160124,562416046,,1
20160125,569449501,,2
20160126,530665282,,3
20160127,517210248,,4
20160128,505131583,,5
20160129,486303162,,6
20160130,417081732,,7
20160131,382101647,,1
20160201,420545372,,2
20160202,444709376,,3
20160203,529249137,,4
20160204,559180633,,5
20160205,496448844,,6
20160206,393321089,,7
20160207,441604304,,1
20160208,477802950,,2
20160209,501483359,,3
20160210,569834383,,4
20160211,598403557,,5
20160212,568148672,,6
20160213,441098548,,7
20160214,452952630,,1
20160215,625685156,,2
20160216,671335489,,3
20160217,681151541,,4
20160218,659495572,,5
20160219,609001433,,6
20160220,473419401,,7
20160221,398704263,,1
20160222,472304411,,2
20160223,495661979,,3
20160224,509847531,,4
20160225,548175121,,5
20160226,554518448,,6
20160227,492745570,,7
20160228,497176361,,1
20160229,641433722,,2
20160301,589412521,,3
20160302,542488611,,4
20160303,584457849,,5
20160304,535998289,,6
20160305,484492396,,7
20160306,518137902,,1
20160307,632312445,,2
20160308,648873875,,3
20160309,625962653,,4
20160310,581624517,,5
20160311,557262866,,6
20160312,447058346,,7
20160313,448788336,,1
20160314,527816203,,2
20160315,500602618,,3
20160321,511944400,,2
20160322,504086480,,3
20160402,326312055,,7
20160403,277515647,,1
20160402,326312055,,7
20160403,277515647,,1
20160402,326312055,,7
20160403,277515647,,1
20160402,326312055,,7
20160403,277515647,,1
20160402,326312055,,7
20160403,277515647,,1
20160402,326312055,,7
20160403,277515647,,1
20160402,326312055,,7
20160403,277515647,,1
20160402,326312055,,7
20160403,277515647,,1
20160403,277515647,,1
20160404,334663056,,2
20160403,277515647,,1
20160404,334663056,,2
20160403,277515647,,1
20160404,334663056,,2
20160403,277515647,,1
20160404,334663056,,2
20160403,277515647,,1
20160404,334663056,,2
20160403,277515647,,1
20160404,334663056,,2
20160403,277515647,,1
20160404,334663056,,2
20160403,277515647,,1
20160404,334663056,,2
20160403,277515647,,1
20160404,334663056,,2
20160403,277515647,,1
20160404,334663056,,2
20160403,277515647,,1
20160404,334663056,,2
20160403,277515647,,1
20160404,334663056,,2
20160403,277515647,,1
20160404,334663056,,2
20160403,277515647,,1
20160404,334663056,,2
20160403,277515647,,1
20160404,334663056,,2
20160403,277515647,,1
20160404,334663056,,2
20160403,277515647,,1
20160404,334663056,,2
